/*
SQLyog Ultimate v11.11 (32 bit)
MySQL - 5.7.3-m13 : Database - webshop
*********************************************************************
*/

/*!40101 SET NAMES utf8 */;

/*!40101 SET SQL_MODE=''*/;

/*!40014 SET @OLD_UNIQUE_CHECKS=@@UNIQUE_CHECKS, UNIQUE_CHECKS=0 */;
/*!40014 SET @OLD_FOREIGN_KEY_CHECKS=@@FOREIGN_KEY_CHECKS, FOREIGN_KEY_CHECKS=0 */;
/*!40101 SET @OLD_SQL_MODE=@@SQL_MODE, SQL_MODE='NO_AUTO_VALUE_ON_ZERO' */;
/*!40111 SET @OLD_SQL_NOTES=@@SQL_NOTES, SQL_NOTES=0 */;
CREATE DATABASE /*!32312 IF NOT EXISTS*/`webshop` /*!40100 DEFAULT CHARACTER SET utf8 */;

USE `webshop`;

/*Table structure for table `addr` */

DROP TABLE IF EXISTS `addr`;

CREATE TABLE `addr` (
  `id` int(11) NOT NULL AUTO_INCREMENT,
  `username` varchar(30) NOT NULL DEFAULT '',
  `addr` varchar(300) NOT NULL DEFAULT '',
  `time` datetime NOT NULL DEFAULT CURRENT_TIMESTAMP,
  PRIMARY KEY (`id`)
) ENGINE=InnoDB AUTO_INCREMENT=9 DEFAULT CHARSET=utf8;

/*Data for the table `addr` */

insert  into `addr`(`id`,`username`,`addr`,`time`) values (1,'zhangsan','广东省广州市番禺区大学城广东工业大学','2017-04-21 12:16:32'),(3,'zhangsan','广东省广州市大学城广东工业大学东区二栋','2017-05-06 15:59:28'),(5,'zhangsan','广州厚薄有限责任公司','2017-05-18 01:06:39'),(6,'zhangsan1','广东省广州市广东工业大学大学城校区东区','2017-05-21 12:40:03'),(7,'zhangsan6','广东工业大学东区二栋','2017-05-21 15:15:40'),(8,'zhangsan9','12345','2017-05-21 16:27:31');

/*Table structure for table `admin` */

DROP TABLE IF EXISTS `admin`;

CREATE TABLE `admin` (
  `id` int(11) NOT NULL AUTO_INCREMENT,
  `account` varchar(18) NOT NULL,
  `password` varchar(18) NOT NULL,
  PRIMARY KEY (`id`)
) ENGINE=InnoDB AUTO_INCREMENT=2 DEFAULT CHARSET=utf8;

/*Data for the table `admin` */

insert  into `admin`(`id`,`account`,`password`) values (1,'zhangsan','1234567');

/*Table structure for table `allnum` */

DROP TABLE IF EXISTS `allnum`;

CREATE TABLE `allnum` (
  `id` int(11) NOT NULL AUTO_INCREMENT,
  `phoneid` varchar(30) NOT NULL DEFAULT '',
  `num` int(11) NOT NULL DEFAULT '0',
  PRIMARY KEY (`id`)
) ENGINE=InnoDB AUTO_INCREMENT=37 DEFAULT CHARSET=utf8;

/*Data for the table `allnum` */

insert  into `allnum`(`id`,`phoneid`,`num`) values (5,'5443g5gg55',200),(6,'f3g141sff1',249),(7,'4gd443daa3',3799),(8,'sg12f5a3f3',125),(9,'daa5442435',452),(10,'135435d12d',654),(11,'5g5fdg25a4',346),(12,'a2f4f3fs32',112),(13,'3a1s445ga3',40),(14,'sd14fga5g1',320),(15,'f3g2g33ag3',123),(16,'1g32f4aa35',138),(17,'a153512321',533),(18,'5g4d5fsssg',125),(19,'1s5gfga245',12),(20,'fs53df5aad',54),(21,'2f353142f4',123),(22,'5ggssdg3a2',119),(23,'ags5g21441',557),(24,'s151d4a5a5',56),(25,'4f3asf1ggd',764),(26,'d435as3125',45),(27,'4agf23daa4',33),(28,'14gd1g5sag',121),(29,'514d221daa',456),(30,'a45a13f5f4',123),(31,'gg21addad3',123),(32,'454g42312f',124),(33,'53d15s112f',653),(34,'1da52f2413',433),(35,'d1aa2a54d3',465),(36,'4ga1g4s22g',100);

/*Table structure for table `broadcast` */

DROP TABLE IF EXISTS `broadcast`;

CREATE TABLE `broadcast` (
  `id` int(11) NOT NULL AUTO_INCREMENT,
  `phoneid` varchar(20) NOT NULL,
  `img` varchar(30) NOT NULL,
  PRIMARY KEY (`id`)
) ENGINE=InnoDB AUTO_INCREMENT=12 DEFAULT CHARSET=utf8;

/*Data for the table `broadcast` */

insert  into `broadcast`(`id`,`phoneid`,`img`) values (4,'5443g5gg55','15r0fp5bxkl2bybcrg.JPG'),(5,'5g5fdg25a4','wsmphi43svgh4fj2ib.JPG'),(6,'3a1s445ga3','c0uwttpm62dtm74fg6.JPG'),(7,'sd14fga5g1','wyiy0vny1bin86gihn.JPG'),(8,'f3g2g33ag3','arq7pdka4gbdio2s8n.JPG'),(11,'1g32f4aa35','mdaj7qfupase539kwm.JPG');

/*Table structure for table `buy` */

DROP TABLE IF EXISTS `buy`;

CREATE TABLE `buy` (
  `id` int(11) NOT NULL AUTO_INCREMENT,
  `username` varchar(30) NOT NULL DEFAULT '',
  `phoneid` varchar(30) NOT NULL DEFAULT '',
  `time` datetime NOT NULL DEFAULT CURRENT_TIMESTAMP,
  PRIMARY KEY (`id`)
) ENGINE=InnoDB AUTO_INCREMENT=31 DEFAULT CHARSET=utf8;

/*Data for the table `buy` */

insert  into `buy`(`id`,`username`,`phoneid`,`time`) values (9,'zhangsan1','a2f4f3fs32','2017-05-21 12:40:34'),(11,'zhangsan1','a2f4f3fs32','2017-05-21 12:44:14'),(16,'zhangsan1','ags5g21441','2017-05-21 12:59:25'),(17,'zhangsan1','a153512321','2017-05-21 13:01:11'),(18,'zhangsan1','5ggssdg3a2','2017-05-21 13:02:32'),(19,'zhangsan1','s151d4a5a5','2017-05-21 13:09:22'),(20,'zhangsan1','s151d4a5a5','2017-05-21 13:10:04'),(21,'zhangsan','5443g5gg55','2017-05-21 13:27:57'),(22,'zhangsan','5g5fdg25a4','2017-05-21 13:54:44'),(23,'zhangsan6','ags5g21441','2017-05-21 15:15:52'),(24,'zhangsan6','ags5g21441','2017-05-21 15:18:10'),(25,'zhangsan6','ags5g21441','2017-05-21 15:22:14'),(26,'zhangsan9','ags5g21441','2017-05-21 16:27:46'),(27,'zhangsan9','f3g141sff1','2017-05-21 16:33:42'),(28,'zhangsan','5443g5gg55','2017-05-25 16:16:22'),(29,'zhangsan','5g5fdg25a4','2017-05-25 16:16:22'),(30,'zhangsan','5ggssdg3a2','2017-05-25 16:19:02');

/*Table structure for table `comment` */

DROP TABLE IF EXISTS `comment`;

CREATE TABLE `comment` (
  `id` int(11) NOT NULL AUTO_INCREMENT,
  `username` varchar(30) NOT NULL DEFAULT '',
  `phoneid` varchar(30) NOT NULL DEFAULT '',
  `proname` varchar(30) NOT NULL DEFAULT '',
  `content` varchar(400) NOT NULL DEFAULT '',
  `star` int(1) NOT NULL DEFAULT '5',
  `img` varchar(50) NOT NULL DEFAULT '',
  `time` datetime NOT NULL DEFAULT CURRENT_TIMESTAMP,
  `color` varchar(18) NOT NULL DEFAULT '',
  `neicun` varchar(4) NOT NULL DEFAULT '',
  `cunchu` varchar(6) NOT NULL DEFAULT '',
  `buyid` varchar(20) NOT NULL DEFAULT '',
  `goodnum` int(11) NOT NULL DEFAULT '0',
  PRIMARY KEY (`id`)
) ENGINE=InnoDB AUTO_INCREMENT=29 DEFAULT CHARSET=utf8;

/*Data for the table `comment` */

insert  into `comment`(`id`,`username`,`phoneid`,`proname`,`content`,`star`,`img`,`time`,`color`,`neicun`,`cunchu`,`buyid`,`goodnum`) values (15,'zhangsan','4f3asf1ggd','荣耀5c','我的荣耀5c',5,'4y8n8sa5vcxtf0kke0.jpg','2017-05-21 11:21:11','暗夜灰','2g','16g','8',0),(16,'zhangsan1','5g5fdg25a4','苹果7','这是我购买 Iphone 7',5,'1xq9jh58o9ouitwunl.jpg','2017-05-21 12:41:49','玫瑰金','2g','32g','10',1),(17,'zhangsan1','a2f4f3fs32','苹果7','这是我垢面的第二部苹果7',5,'srl3382ydp4e4br1m4.jpg','2017-05-21 12:42:22','黑色','2g','32g','9',1),(18,'zhangsan1','a2f4f3fs32','苹果7','这是我购买的第三部苹果7',1,'srl3382ydp4e4br1m4.jpg','2017-05-21 12:45:17','黑色','2g','32g','11',0),(19,'zhangsan1','5g5fdg25a4','苹果7','评论信息',3,'1xq9jh58o9ouitwunl.jpg','2017-05-21 12:48:56','玫瑰金','2g','32g','15',0),(20,'zhangsan1','ags5g21441','荣耀8','这是我购买的荣耀8',5,'7gkf6s46vln41ulrx1.jpg','2017-05-21 12:59:53','魅海蓝','4g','32g','16',2),(21,'zhangsan1','a153512321','魅族Pro 6s','这是魅族pro6',5,'qlf6dv20wqdnqdgqan.jpg','2017-05-21 13:01:40','星空黑','4g','64g','17',1),(22,'zhangsan1','5ggssdg3a2','华为mate9','这是我购买的华为mate9',1,'f1h7k2h64uke06qtyn.jpg','2017-05-21 13:02:59','月光银','4g','64g','18',0),(23,'zhangsan1','s151d4a5a5','荣耀6x','这是我购买的荣耀6x',5,'lsqvstmoomilpdk0u5.jpg','2017-05-21 13:09:39','玫瑰金','4g','32g','19',1),(24,'zhangsan1','s151d4a5a5','荣耀6x','这是我购买的第二部荣耀6x',5,'lsqvstmoomilpdk0u5.jpg','2017-05-21 13:10:35','玫瑰金','4g','32g','20',1),(25,'zhangsan6','ags5g21441','荣耀8','这是我的评论内容',5,'7gkf6s46vln41ulrx1.jpg','2017-05-21 15:16:12','魅海蓝','4g','32g','23',1),(26,'zhangsan9','ags5g21441','荣耀8','qqqqqqqqqqqq',5,'7gkf6s46vln41ulrx1.jpg','2017-05-21 16:28:03','魅海蓝','4g','32g','26',0),(27,'zhangsan9','f3g141sff1','华为p10','555555',5,'sqb6uv36thw0tp8j06.jpg','2017-05-21 16:34:37','草木绿','4g','128g','27',1),(28,'zhangsan','5443g5gg55','华为p10','ddddddddddddd',5,'btts0sd0ce7ure9y6g.jpg','2017-05-25 16:16:49','赭石黑','4g','64g','28',1);

/*Table structure for table `goodluck` */

DROP TABLE IF EXISTS `goodluck`;

CREATE TABLE `goodluck` (
  `id` int(11) NOT NULL AUTO_INCREMENT,
  `username` varchar(30) NOT NULL DEFAULT '',
  `buyid` int(11) DEFAULT '0',
  PRIMARY KEY (`id`)
) ENGINE=InnoDB AUTO_INCREMENT=15 DEFAULT CHARSET=utf8;

/*Data for the table `goodluck` */

insert  into `goodluck`(`id`,`username`,`buyid`) values (1,'zhangsan',1),(2,'zhangsan',29),(3,'zhangsan',30),(4,'zhangsan',34),(5,'zhangsan1',10),(6,'zhangsan1',9),(7,'zhangsan1',16),(8,'zhangsan1',17),(9,'zhangsan1',20),(10,'zhangsan1',19),(11,'zhangsan6',16),(12,'zhangsan6',23),(13,'zhangsan9',27),(14,'zhangsan',28);

/*Table structure for table `menu` */

DROP TABLE IF EXISTS `menu`;

CREATE TABLE `menu` (
  `id` int(11) NOT NULL AUTO_INCREMENT,
  `maintitle` varchar(30) NOT NULL DEFAULT '',
  `subtitle` varchar(30) NOT NULL DEFAULT '',
  `phoneid` varchar(16) NOT NULL DEFAULT '',
  PRIMARY KEY (`id`)
) ENGINE=InnoDB AUTO_INCREMENT=64 DEFAULT CHARSET=utf8;

/*Data for the table `menu` */

insert  into `menu`(`id`,`maintitle`,`subtitle`,`phoneid`) values (1,'苹果','苹果7','a2f4f3fs32'),(2,'苹果','苹果6s','5g4d5fsssg'),(3,'苹果','苹果6s plus','1s5gfga245'),(4,'苹果','苹果6','2f353142f4'),(5,'苹果','苹果6 plus','fs53df5aad'),(6,'苹果','',''),(7,'苹果','',''),(8,'华为','华为p10','f3g141sff1'),(9,'华为','华为Mate9','5ggssdg3a2'),(10,'华为','荣耀8','ags5g21441'),(11,'华为','荣耀V8','4agf23daa4'),(12,'华为','荣耀6x','s151d4a5a5'),(13,'华为','荣耀5c','4f3asf1ggd'),(14,'华为','',''),(15,'OPPO','OPPO r9s','3a1s445ga3'),(16,'OPPO','',''),(17,'OPPO','',''),(18,'OPPO','',''),(19,'OPPO','',''),(20,'OPPO','',''),(21,'OPPO','',''),(22,'VIVO','VIVO X9','sd14fga5g1'),(23,'VIVO','',''),(24,'VIVO','',''),(25,'VIVO','',''),(26,'VIVO','',''),(27,'VIVO','',''),(28,'VIVO','',''),(29,'三星','Galaxy S7','f3g2g33ag3'),(30,'三星','',''),(31,'三星','',''),(32,'三星','',''),(33,'三星','',''),(34,'三星','',''),(35,'三星','',''),(36,'小米','小米6','1g32f4aa35'),(37,'小米','红米4X','14gd1g5sag'),(38,'小米','红米4','514d221daa'),(39,'小米','小米5','a45a13f5f4'),(40,'小米','小米5c','gg21addad3'),(41,'小米','',''),(42,'小米','',''),(43,'魅族','魅族 PRO6S','a153512321'),(44,'魅族','魅蓝E2','454g42312f'),(45,'魅族','魅族 MX6','53d15s112f'),(46,'魅族','魅蓝Note5','1da52f2413'),(47,'魅族','魅蓝5s','d1aa2a54d3'),(48,'魅族','',''),(49,'乐视','',''),(50,'乐视','',''),(51,'乐视','',''),(52,'乐视','',''),(53,'乐视','',''),(54,'乐视','',''),(55,'乐视','',''),(56,'12345','wert','1sdrfyht54'),(57,'努比亚','',''),(58,'努比亚','',''),(59,'努比亚','',''),(60,'努比亚','',''),(61,'努比亚','',''),(62,'努比亚','',''),(63,'努比亚','','');

/*Table structure for table `mylist` */

DROP TABLE IF EXISTS `mylist`;

CREATE TABLE `mylist` (
  `id` int(11) NOT NULL AUTO_INCREMENT,
  `maintitle` varchar(20) NOT NULL DEFAULT '',
  `phoneid` varchar(20) NOT NULL DEFAULT '',
  PRIMARY KEY (`id`)
) ENGINE=InnoDB AUTO_INCREMENT=26 DEFAULT CHARSET=utf8;

/*Data for the table `mylist` */

insert  into `mylist`(`id`,`maintitle`,`phoneid`) values (1,'苹果','a2f4f3fs32'),(2,'苹果','5g4d5fsssg'),(3,'苹果','1s5gfga245'),(4,'苹果','fs53df5aad'),(5,'苹果','2f353142f4'),(6,'华为','5443g5gg55'),(7,'华为','4f3asf1ggd'),(8,'华为','ags5g21441'),(9,'华为','s151d4a5a5'),(10,'华为','5ggssdg3a2'),(11,'小米','1g32f4aa35'),(12,'小米','14gd1g5sag'),(13,'小米','514d221daa'),(14,'小米','a45a13f5f4'),(15,'小米','gg21addad3'),(16,'魅族','a153512321'),(17,'魅族','454g42312f'),(18,'魅族','53d15s112f'),(19,'魅族','1da52f2413'),(20,'魅族','d1aa2a54d3'),(21,'',''),(22,'',''),(23,'',''),(24,'',''),(25,'','');

/*Table structure for table `orders` */

DROP TABLE IF EXISTS `orders`;

CREATE TABLE `orders` (
  `id` int(11) NOT NULL AUTO_INCREMENT,
  `username` varchar(30) NOT NULL DEFAULT '',
  `phoneid` varchar(20) NOT NULL DEFAULT '',
  `num` int(11) NOT NULL DEFAULT '1',
  `time` datetime NOT NULL DEFAULT CURRENT_TIMESTAMP,
  `addr` varchar(300) NOT NULL DEFAULT '',
  `content` varchar(500) NOT NULL DEFAULT '',
  `tip` tinyint(4) DEFAULT '0',
  PRIMARY KEY (`id`)
) ENGINE=InnoDB AUTO_INCREMENT=85 DEFAULT CHARSET=utf8;

/*Data for the table `orders` */

insert  into `orders`(`id`,`username`,`phoneid`,`num`,`time`,`addr`,`content`,`tip`) values (76,'zhangsan','5g5fdg25a4',1,'2017-05-21 13:54:44','广东省广州市番禺区大学城广东工业大学','这是我购买的苹果7',1),(77,'zhangsan6','ags5g21441',1,'2017-05-21 15:15:52','广东工业大学东区二栋','这是荣耀8',1),(78,'zhangsan6','ags5g21441',3,'2017-05-21 15:18:10','广东工业大学东区二栋','hahahhah',1),(79,'zhangsan6','ags5g21441',1,'2017-05-21 15:22:14','广东工业大学东区二栋','这是评论内容',0),(80,'zhangsan9','ags5g21441',1,'2017-05-21 16:27:46','12345','asdfgjhhk',0),(81,'zhangsan9','f3g141sff1',1,'2017-05-21 16:33:43','12345','asdfgh',0),(82,'zhangsan','5443g5gg55',5,'2017-05-25 16:16:22','aaaaaaaa','dddddddddd',0),(83,'zhangsan','5g5fdg25a4',3,'2017-05-25 16:16:22','aaaaaaaa','dddddddddd',0),(84,'zhangsan','5ggssdg3a2',3,'2017-05-25 16:19:02','广东省广州市番禺区大学城广东工业大学','ooooooo',0);

/*Table structure for table `phone` */

DROP TABLE IF EXISTS `phone`;

CREATE TABLE `phone` (
  `id` int(11) NOT NULL AUTO_INCREMENT,
  `phoneid` varchar(16) NOT NULL DEFAULT '',
  `proname` varchar(50) NOT NULL DEFAULT '',
  `protitle` varchar(200) NOT NULL DEFAULT '',
  `provtitle` varchar(200) NOT NULL DEFAULT '',
  `brand` varchar(20) NOT NULL DEFAULT '',
  `neicun` varchar(10) NOT NULL DEFAULT '',
  `cunchu` varchar(10) NOT NULL DEFAULT '',
  `color` varchar(20) NOT NULL DEFAULT '',
  `price` varchar(20) NOT NULL DEFAULT '',
  `imgsrc1` varchar(100) NOT NULL DEFAULT '',
  `imgsrc2` varchar(100) NOT NULL DEFAULT '',
  `imgsrc3` varchar(100) NOT NULL DEFAULT '',
  `imgsrc4` varchar(100) NOT NULL DEFAULT '',
  `imgsrc5` varchar(100) NOT NULL DEFAULT '',
  `imgsrc6` varchar(100) NOT NULL DEFAULT '',
  `bigimg1` varchar(100) NOT NULL DEFAULT '',
  `bigimg2` varchar(100) NOT NULL DEFAULT '',
  `bigimg3` varchar(100) NOT NULL DEFAULT '',
  `bigimg4` varchar(100) NOT NULL DEFAULT '',
  `tedian` varchar(100) NOT NULL DEFAULT '',
  `size` varchar(9) NOT NULL DEFAULT '',
  `dianchi` varchar(7) NOT NULL DEFAULT '',
  PRIMARY KEY (`id`)
) ENGINE=InnoDB AUTO_INCREMENT=35 DEFAULT CHARSET=utf8;

/*Data for the table `phone` */

insert  into `phone`(`id`,`phoneid`,`proname`,`protitle`,`provtitle`,`brand`,`neicun`,`cunchu`,`color`,`price`,`imgsrc1`,`imgsrc2`,`imgsrc3`,`imgsrc4`,`imgsrc5`,`imgsrc6`,`bigimg1`,`bigimg2`,`bigimg3`,`bigimg4`,`tedian`,`size`,`dianchi`) values (4,'5443g5gg55','华为p10','HUAWEI P10 4GB+128GB 全网通版（钻雕金）','每天10:08 现货发售。 点击参与优享购全款订购（移动端专享）','华为','4g','64g','赭石黑','3799','btts0sd0ce7ure9y6g.jpg','5irlqaus4sjhpos6ca.jpg','b6no92x13pes6u6f9k.jpg','bb4vo384w760ykyck5.jpg','vjwc14qmq36jcye5ls.jpg','6p7fx2mji55inmmfnb.jpg','rv4x3yhan6epuwqsnf.JPG','moky44j32layiuab6e.JPG','1lkmv2b9dmaevt4o0s.JPG','ogp37y7u614n6xqkjm.JPG','大光圈拍照@徕卡双摄@急速快充','5.5','3500'),(5,'f3g141sff1','华为p10','HUAWEI P10 4GB+128GB 全网通版（草木绿）','华为选购华为p10,这是小标题','华为','4g','128g','草木绿','3799','sqb6uv36thw0tp8j06.jpg','q5ogwf5vek4uknb25c.jpg','bp21pifpcqc5v2kabo.jpg','k279fto826rerun00l.jpg','1g7wsm7rqosoutklrq.jpg','f1v19js9dihu23r0i2.jpg','agnlb13f7jwri1p8au.JPG','1yjnwrs8ohmx32mejy.JPG','ufvdyd051ty1kyxysv.JPG','k8qbbjy49ck21tv52t.JPG','大光圈拍照@莱卡双摄','5.5','3500'),(7,'sg12f5a3f3','华为p10','HUAWEI P10 4GB+32GB 全网通版（草木绿）','大光圈拍照，徕卡双摄，极速摄影','华为','4g','32g','草木绿','3799','2m5xonw471u6tom1j3.jpg','9jkk42bo8hu92aqmug.jpg','3vuyr4me2w6kubflh4.jpg','3lrc1e3f3t72bypf1y.jpg','ckgh1wjsbgtkrngauh.jpg','9k67mngqiiu8muulbv.jpg','ehf8ggrgehqw1a0xkb.JPG','7e63m3ybx41g6p5d70.JPG','ve4hbb81alehaey4ya.JPG','xrbh245nuts4dq0qg9.JPG','大光圈拍照@徕卡双摄','5.5','3500'),(8,'daa5442435','华为p10','HUAWEI P10 4GB+64GB 全网通版（钻雕金）','大光圈拍照，徕卡双摄，极速摄影','华为','4g','64g','钻雕金','3799','4m4p3xuulhlayqghbo.jpg','3sd0qjj8h4770u0638.jpg','cppt9ks2g8f5d15bxy.jpg','6tk6d4f82874g2l5gj.jpg','2w6rgjf1e3tsls8da8.jpg','8lmyl1a0ju7tx4b1d9.jpg','3gpi5764rtqebf511b.JPG','72vebpkxco0lkc5d1t.JPG','04h1pjm7kqjasrstq2.JPG','03cgwwbvnkwmeuwcsy.JPG','徕卡双摄@大光圈拍照','5.5','3500'),(9,'135435d12d','华为p10','HUAWEI P10 3GB+32GB 全网通版（粉色）','大光圈拍照，徕卡双摄,极速摄影','华为','3g','32g','粉色','3799','hy5l54lublpsnawwbo.jpg','23v5gx5wy7mhxpeb53.jpg','ixhuqj5swkptb5twue.jpg','ni41xxk6p3tia5rkja.jpg','vj7urn2qsqdcsr6rcd.jpg','p16piqv1je0bmihq31.jpg','d4tn3b3y9ouwjo8xp9.JPG','guo173pnvr33tietdl.JPG','g2h9inxy0soufvtefw.JPG','wvr8by6cw58rivq5gm.JPG','莱卡双摄@大光圈拍照','5.5','3500'),(10,'5g5fdg25a4','苹果7','Apple iPhone 7 (A1660) 32G 玫瑰金色 移动联通电信4G手机','iPhone 7，现更以红色呈现','苹果','2g','32g','玫瑰金','4899','1xq9jh58o9ouitwunl.jpg','jgif3fsuaoy46rrp6t.jpg','7scvppm0f1487o0hqd.jpg','81ijnmacfl215k1kcu.jpg','otsbg5ejcrcw3vj0dk.jpg','','9620jealghdau61rxh.JPG','gghhy3m3k9cop8e27l.JPG','','','二倍焦距拍摄','4.7','1960'),(11,'a2f4f3fs32','苹果7','Apple iPhone 7 (A1660) 32G 黑色','iPhone 7，现更以红色呈现','苹果','2g','32g','黑色','4899','srl3382ydp4e4br1m4.jpg','5nn584tyhaekhdjso4.jpg','rtxujfmrwsivjm1mh4.jpg','hmgk8eqymiysoud69e.jpg','a31dkifm95aakfl9qv.jpg','','hbyskduud4i74xivuy.JPG','yrbegpd62wby0batkh.JPG','','','急速','4.7','1960'),(12,'3a1s445ga3','OPPO R9s','OPPO R9s 全网通4G+64G 双卡双待手机 玫瑰金','前后1600万像素，3010mAh大电池！','OPPO','4g','64g','玫瑰金','2799','jxcv12lja3p2dtuwmg.jpg','oyvp543shrpo3g1udg.jpg','u67im0ju35i4od6nd7.jpg','hby14nveyb5iylvsqv.jpg','dj0dypj5lse5wr3v52.jpg','5gfodlt23l6dk33jn0.jpg','5bydv6ln1b3ku1nb8y.JPG','s1shng2gr5gf6it8qa.JPG','jm7yg7i3uthmncsecr.JPG','jddm8dcdehtgwpku04.JPG','高清摄像','5.5','3010'),(13,'sd14fga5g1','VIVO X9','vivo X9 全网通 4GB+64GB 移动联通电信4G手机 ','这是vivo x9小标题','VIVO','4g','64g','黑色','2798','jrk7tyr95pb7bhk75e.jpg','u3ai1w7dmggruxe5d3.jpg','bat4rc7tnap7mnn8yi.jpg','eckk20qe498k5rpyet.jpg','','','1yu5h80t1b579cv0yy.JPG','h8ljmsm70aw79qrxo4.JPG','2dw13jcgsxy7fvipv7.JPG','70gpima2obxswyavs2.JPG','超薄','5.5','3200'),(14,'f3g2g33ag3','三星 S7','三星 Galaxy S7 128G 曜岩黑 全网通4G手机','骁龙820！IP68防尘防水，双曲面屏','三星','4g','128g','曜岩黑','3788','iamerk7fe1vwlan4vv.jpg','hdp6pf4g4tu35wugpl.jpg','rex9ons5dfmlfregw0.jpg','a7sksbnxvekr4s4sxd.jpg','i430doyv7i0lh0p2si.jpg','rdtnwhny1vwd8volsg.jpg','jtpalcwmfero49c495.JPG','8kcadu2ibg5ut96tsb.JPG','emsjry5dwbv26o3jyy.JPG','rokodw4ae49qe161b7.JPG','骁龙820','5.7','3600'),(15,'1g32f4aa35','小米6','小米6 全网通 6GB+64GB 亮黑色 移动联通电信4G手机','小米性能怪兽，骁龙835 旗舰处理器， 6GB 大内存，变焦双摄','小米','6g','64g','黑色','2400','49j6thc16pq871x28s.jpg','t7c3aw30l12lc785qb.jpg','sdaara293ofs4l5ksr.jpg','b06nbgj5siux8r3s6x.jpg','n5p6656g0eaos6jqur.jpg','','ys0pulrj68tewqw6r2.JPG','uniy1s4odo9ysrdamb.JPG','ej2amrwkwfj55pry38.JPG','','性能怪兽','5.2','3200'),(16,'a153512321','魅族Pro 6s','魅族 PRO6S 4GB+64GB 全网通公开版 星空黑','金属机身！4GB+64GB！1200万像素光学防抖！','魅族','4g','64g','星空黑','2499','qlf6dv20wqdnqdgqan.jpg','vxm3bwu2dwlfrn4ow8.jpg','0tdon7rws34rcoigia.jpg','0n7kxn86o3xnq61opu.jpg','srob5w6nlljtss3e3x.jpg','','25gayf3ixbx9lw7b13.JPG','alqfg0x2ff4q7djpxn.JPG','mmmejr6yut46oad4l2.JPG','','金属机身','5.2','3350'),(17,'5g4d5fsssg','苹果6s','Apple iPhone 6s (A1700) 32G 玫瑰金色','iPhone 7，现更以红色呈现','苹果','2g','32g','玫瑰金','3999','hy10gwp9excvl8tap1.jpg','o0754blw7o78i6n0si.jpg','80m0mdwl54dc730om0.jpg','','','','a70uak8tulodhy350s.JPG','','','','新配色','4.7','1960'),(18,'1s5gfga245','苹果6s plus','Apple iPhone6s Plus 玫瑰金色 64G 全网通 过保','本周热销推荐，高性价比iPhone6 16G 金色','苹果','2g','32g','玫瑰金','4299','epa6l9atrg2k1ub32w.jpg','li3gi0wt8unv2h2y38.jpg','9wg262lq1ehx6ulr8p.jpg','jf0k4jm0qyfpfhscyg.jpg','','','vtu3tdby0hql2ratro.JPG','5rlqm4anhggbsdm81j.JPG','qebaidirda59h2qwlc.JPG','','苹果品牌','4.7','1960'),(19,'fs53df5aad','苹果6 plus','Apple iPhone 6 Plus (A1524) 16GB 银色','iPhone 7，现更以红色呈现','苹果','2g','16g','银色','4199','naaevarc04h9f73mor.jpg','','','','','','4w0flu6lvljcxnx974.JPG','','','','苹果p plus','4.7','1960'),(20,'2f353142f4','苹果6','Apple iPhone 6 32G 金色 移动联通电信4G手机','iPhone 6 32G 金 新品上市！“金”典呈现！性价比之选！','苹果','1g','32g','金色','2799','f2scopjui8yfhmf8qs.jpg','pykrxs1123hfeoxn5x.jpg','','','','','uq5n57y5igngnr1qc7.JPG','','','','苹果6','4.7','1960'),(21,'5ggssdg3a2','华为mate9','华为 Mate 9 4GB+32GB版 月光银 移动联通电信','麒麟960芯片！徕卡双摄像头！4000mAh大电池','华为','4g','64g','月光银','3899','f1h7k2h64uke06qtyn.jpg','f3culokdqmjiujq48i.jpg','01d459wkfbf7qidi9h.jpg','eq2913a1gdxp23b8rf.jpg','c5be7ey49qv6iirdfx.jpg','qltk6lvdu9g8t8neai.jpg','bnt7ur2ri6264govgy.JPG','e102mmngc568nqvhho.JPG','kbiyvt23yyy2f5l77s.JPG','rr5fty67mu2djvne82.JPG','大电池','6.0','4000'),(22,'ags5g21441','荣耀8','荣耀8 4GB+32GB 全网通4G手机 魅海蓝','双镜头，双2.5D玻璃，双功能指纹','华为','4g','32g','魅海蓝','2099','7gkf6s46vln41ulrx1.jpg','37jasjd9pno2i00i5x.jpg','4pha830vqpi5pyxecu.jpg','n252xh473s00v80fiw.jpg','4anvc5kb7nyvc0b3k2.jpg','','l33qrqp167ty9og5rd.JPG','aunpkgskh30ksgc3wj.JPG','7p7tnt3ul6vfe7fhdm.JPG','chihugsjvt4bbkdrtc.JPG','极光玻璃','5.2','3000'),(23,'s151d4a5a5','荣耀6x','荣耀 畅玩6X 4GB 32GB 全网通4G手机 高配版 玫瑰金','双镜头，大内存，长续航！','华为','4g','32g','玫瑰金','1299','lsqvstmoomilpdk0u5.jpg','kimqopx8o96cq8mqlx.jpg','fdh2n4b1sommt8ued6.jpg','yru2pg7se5i280xxds.jpg','','','jbjrsikdnua9m5c4n4.JPG','yuwjbapdnkb3e38q1x.JPG','8bhqfjqrfcgop8nrbb.JPG','lx5tmi6rxd7bsw69ux.JPG','双摄像头','5.5','3000'),(24,'4f3asf1ggd','荣耀5c','荣耀 畅玩5C 手机 暗夜灰 全网通4G(2GB RAM+16GB ROM)','京东配送，更快的16纳米芯，芯片级省电','华为','2g','16g','暗夜灰','999','4y8n8sa5vcxtf0kke0.jpg','xoxufo3nphwvv6dkit.jpg','7cp7clbhx0pjni4dj0.jpg','lohajpuv3ifxxrlm2r.jpg','dxb4k8cdktrlit3je7.jpg','','va2h97bhy11rcd24wi.JPG','11o114g6sypfle9bc0.JPG','qt4rql24pleyrbnchp.JPG','k4xpu1ruu3a70g7suj.JPG','芯片级省电','5.2','3000'),(26,'4agf23daa4','荣耀V8','荣耀 V8 全网通 高配版 4GB+64GB 香槟金','精致外观，1200万像素平行镜头，3500mAh电池长久续航','华为','4g','64g','香槟金','2499','k6ppcqjxnjvc38gnyd.jpg','h95pol61eddmxi9oy9.jpg','rsa3wa8mq1ndps4psy.jpg','qbslps68c0rkah1ms3.jpg','49fwacfyrrpv3lsq6h.jpg','','lhho49qhlqagb97e9o.JPG','2woh52q37qq0em0qkq.JPG','xw4p37kmbrobmm2cwp.JPG','lgo0rb4hlm29i4luh7.JPG','双摄像头','5.7','3500'),(27,'14gd1g5sag','红米4X','小米 红米 4X 全网通版 2GB+16GB 香槟金','全新红米4X！5英寸屏幕，4100毫安大电池长续航！','小米','2g','16g','金色','699','xr18tei2cshxs1l97y.jpg','ccn6rne2po3upmory7.jpg','wkmh6v3w87vb3gm9af.jpg','kk2sfaoofluo7nbu51.jpg','6tyyyopgb1dr3vmr1x.jpg','','xf5b9vnrvraqa4jtpn.JPG','v9f78dcsko7ctoxysh.JPG','qreepns07q3iqvdcpf.JPG','hffdywnkbpk8ugwwo4.JPG','大电池','5','4000'),(28,'514d221daa','红米4','小米 红米4 手机 金色 全网通4G高配版(3G RAM+32G ROM)','4000mAh 大电池 / 骁龙高性能处理器！','小米','3g','32g','金色','1099','yu75uja7pdypxx97j8.jpg','x01hwv61y2tx9slwsf.jpg','3ais7u4eni2mclu6d4.jpg','s2tul6hphtc941ewun.jpg','','','swe4ehm8l5nj65lleb.JPG','3vauhdjd0xec2v48dg.JPG','qt2fxe845nejkoiuf0.JPG','9ys0iecrcif3a3bj9v.JPG','大电池','5.0','4000'),(29,'a45a13f5f4','小米5','小米5 全网通 高配版 3GB内存 64GB ROM 白色 ','高通骁龙820处理器，4轴防抖相机，很轻狠快！','小米','3g','64g','白色','1799','rdp633xyhxwr3hj6qc.jpg','7mkp507jqn4is1wwvk.jpg','qmyw81jcyuit7jfbmw.jpg','dil77dgjpqxaw55jv5.jpg','bgavol0qr80xkhaarf.jpg','','g8pyuw7hlptvm9wggy.JPG','t3a37ctvjfsve6fdnk.JPG','ofhmany7fhsx91d9st.JPG','','骁龙820','5.2','3000'),(30,'gg21addad3','小米5c','小米5C 手机 磨砂黑【送移动电源！当天发】 移动4G','现货当天发，不发赔50元【送移动电源+品牌耳机+软胶套+钢化膜！','小米','3g','64g','磨砂黑','1599','60hi07j38y133ykr40.jpg','gagv0cgila4try114u.jpg','ykg1jmw6osd1t4kay8.jpg','qpl9xvnvuvlypkgdee.jpg','moot32pl98kf941nlm.jpg','','c3a6s4b64mrdxvkc8q.JPG','0n3krugdn9byh5epeb.JPG','mtf1gb1lhv9xv2km9w.JPG','2rd8sxbne55p9e8un3.JPG','高颜值','5.2','3500'),(31,'454g42312f','魅蓝E2','魅族 魅蓝E2 3GB+32GB 全网通公开版 月光银','让美好的强大起来！P20芯片！5.5英寸！800+1300W像素','魅族','3g','32g','月光银','1299','cabhec9gqwtx2gnrd7.jpg','gfry3xefdeuwwdi11b.jpg','prnr0tlla6bfmorkl4.jpg','wwy7er45x1dhrwh4w0.jpg','l8mnug614gohqdqp7a.jpg','','awbs6rjw58y38rlekk.JPG','4n9wu4q80ccxafk8g8.JPG','fmvrq02axp4xa5yvgy.JPG','mp4kwqobatx4o6fv31.JPG','p20芯片','5.5','3400'),(32,'53d15s112f','魅族 MX6','魅族 MX6 3GB+32GB 全网通公开版 香槟金','32GB内存！5.5英寸！500万+1200万像素！','魅族','3g','32g','香槟金','1599','9xkpmhrtj28d8id0qc.jpg','bt17f2la95mi006mh4.jpg','7p3mwl59sl7idm8lty.jpg','rrwhkl4jddtxnck20i.jpg','nq9xr6bh4lgrj11u37.jpg','tkyud6rxtl76l4852a.jpg','n9lww05mphprks6e0v.JPG','m9pu1yg730b84ilivn.JPG','hxinn5qvlgrc659sdl.JPG','qp75kd2433ga2swvnb.JPG','1200万像素摄像头','5.5','3060'),(33,'1da52f2413','魅蓝Note5','魅族 魅蓝Note5 全网通公开版 3GB+32GB 香槟金','4000mAh真快充！金属指纹大运存！','魅族','3g','32g','香槟金','1099','rkpcahdanokrkpjqeo.jpg','7qpdn498rt5p92q0np.jpg','u19cblpd9tfd4ppahw.jpg','6yrg9wy1odlmgnkv0n.jpg','0wq12642y3xncyr4ay.jpg','','tflovq7dc14c8jlln4.JPG','lct6mvbonf3qct46bp.JPG','ynw4ppms3ronfpa98v.JPG','42bb2e8o4b0igcwx0i.JPG','大电池','5.5','4000'),(34,'d1aa2a54d3','魅蓝5s','魅族 魅蓝5s 全网通公开版 3GB+32GB 星空灰','5.2英寸，3GB大内存，18W快充！','魅族','3g','32g','星空灰','1099','g1aoh3owqlq5ge4480.jpg','fvlxiy1dvho1hagoso.jpg','g3sbgmy7nbexrscbam.jpg','u6o50wuycv0q9a75qo.jpg','bfiqn10hi1lrm2uyg5.jpg','','9vy3uwmuju0y4bslw0.JPG','p8jdo656n1pabldexn.JPG','f7p7m293gt84dgnbj6.JPG','k7cwaq7ihy7qf27hsm.JPG','18w快充','5.2','3000');

/*Table structure for table `phoneid` */

DROP TABLE IF EXISTS `phoneid`;

CREATE TABLE `phoneid` (
  `id` int(11) NOT NULL AUTO_INCREMENT,
  `name` varchar(30) NOT NULL DEFAULT '',
  PRIMARY KEY (`id`)
) ENGINE=InnoDB AUTO_INCREMENT=44 DEFAULT CHARSET=utf8;

/*Data for the table `phoneid` */

insert  into `phoneid`(`id`,`name`) values (12,'5443g5gg55'),(13,'f3g141sff1'),(14,'4gd443daa3'),(15,'sg12f5a3f3'),(16,'daa5442435'),(17,'135435d12d'),(18,'5g5fdg25a4'),(19,'a2f4f3fs32'),(20,'3a1s445ga3'),(21,'sd14fga5g1'),(22,'f3g2g33ag3'),(23,'1g32f4aa35'),(24,'a153512321'),(25,'5g4d5fsssg'),(26,'1s5gfga245'),(27,'fs53df5aad'),(28,'2f353142f4'),(29,'5ggssdg3a2'),(30,'ags5g21441'),(31,'s151d4a5a5'),(32,'4f3asf1ggd'),(33,'d435as3125'),(34,'4agf23daa4'),(35,'14gd1g5sag'),(36,'514d221daa'),(37,'a45a13f5f4'),(38,'gg21addad3'),(39,'454g42312f'),(40,'53d15s112f'),(41,'1da52f2413'),(42,'d1aa2a54d3'),(43,'4ga1g4s22g');

/*Table structure for table `recommend` */

DROP TABLE IF EXISTS `recommend`;

CREATE TABLE `recommend` (
  `id` int(11) NOT NULL AUTO_INCREMENT,
  `username` varchar(20) NOT NULL DEFAULT '',
  `phoneid` varchar(20) NOT NULL DEFAULT '',
  `times` int(7) NOT NULL DEFAULT '0',
  `time` datetime NOT NULL DEFAULT CURRENT_TIMESTAMP,
  PRIMARY KEY (`id`)
) ENGINE=InnoDB AUTO_INCREMENT=749 DEFAULT CHARSET=utf8;

/*Data for the table `recommend` */

insert  into `recommend`(`id`,`username`,`phoneid`,`times`,`time`) values (1,'zhangsan','f3g141sff1',24,'2017-04-25 00:44:51'),(2,'zhangsan','3a1s445ga3',7,'2017-04-25 01:00:25'),(3,'zhangsan','a2f4f3fs32',4,'2017-04-25 01:00:32'),(4,'zhangsan','f3g2g33ag3',5,'2017-04-25 01:00:43'),(5,'zhangsan','sd14fga5g1',3,'2017-04-25 01:01:13'),(6,'zhangsan','5443g5gg55',9,'2017-04-25 01:05:44'),(7,'zhangsan','135435d12d',2,'2017-04-25 01:05:50'),(8,'zhangsan','daa5442435',4,'2017-04-25 01:06:01'),(9,'zhangsan','sg12f5a3f3',0,'2017-04-25 23:26:27'),(10,'zhangsan','4f3asf1ggd',2,'2017-04-26 00:29:19'),(11,'zhangsan','s151d4a5a5',6,'2017-04-26 00:29:22'),(12,'zhangsan','5ggssdg3a2',1,'2017-04-26 00:29:35'),(13,'zhangsan','ags5g21441',1,'2017-04-26 00:32:32'),(14,'zhangsan','5g5fdg25a4',0,'2017-04-26 00:34:38'),(15,'zhangsan','1g32f4aa35',1,'2017-04-26 00:36:08'),(16,'zhangsan','5g4d5fsssg',3,'2017-04-26 00:42:45'),(17,'zhangsan','5g4d5fsssg',0,'2017-04-26 00:49:45'),(18,'zhangsan','5443g5gg55',0,'2017-04-26 00:49:52'),(19,'zhangsan','3a1s445ga3',0,'2017-04-26 00:49:59'),(20,'zhangsan','1s5gfga245',0,'2017-04-26 00:50:09'),(21,'zhangsan','ags5g21441',0,'2017-04-26 00:50:18'),(22,'zhangsan','5ggssdg3a2',0,'2017-04-26 00:50:32'),(23,'zhangsan','f3g2g33ag3',0,'2017-04-26 00:50:44'),(24,'zhangsan','5g5fdg25a4',0,'2017-04-26 02:00:04'),(25,'zhangsan','5g5fdg25a4',0,'2017-04-26 02:00:53'),(26,'zhangsan','5443g5gg55',0,'2017-04-26 02:12:34'),(27,'zhangsan','5443g5gg55',0,'2017-04-26 02:18:33'),(28,'zhangsan','a2f4f3fs32',0,'2017-04-26 02:19:58'),(29,'zhangsan','1sdrfyht545',0,'2017-04-26 02:20:39'),(30,'zhangsan','s151d4a5a5',0,'2017-04-26 02:22:46'),(31,'zhangsan','5443g5gg55',0,'2017-04-26 02:23:06'),(32,'zhangsan','5443g5gg55',0,'2017-04-26 02:23:11'),(33,'zhangsan','5443g5gg55',0,'2017-04-26 02:23:12'),(34,'zhangsan','5443g5gg55',0,'2017-04-26 02:24:45'),(35,'zhangsan','5443g5gg55',0,'2017-04-26 02:25:15'),(36,'zhangsan','5g5fdg25a4',0,'2017-04-26 02:25:19'),(37,'zhangsan','5443g5gg55',0,'2017-04-26 02:25:21'),(38,'zhangsan','ags5g21441',0,'2017-04-26 02:25:22'),(39,'zhangsan','5443g5gg55',0,'2017-04-26 12:57:11'),(40,'zhangsan','ags5g21441',0,'2017-04-26 13:09:32'),(41,'zhangsan','5443g5gg55',0,'2017-04-26 13:17:18'),(42,'zhangsan','5ggssdg3a2',0,'2017-04-26 13:18:53'),(43,'zhangsan','5ggssdg3a2',0,'2017-04-26 13:19:30'),(44,'zhangsan','5ggssdg3a2',0,'2017-04-26 13:19:35'),(45,'zhangsan','ags5g21441',0,'2017-04-26 13:19:42'),(46,'zhangsan','ags5g21441',0,'2017-04-26 13:19:59'),(47,'zhangsan','s151d4a5a5',0,'2017-04-26 13:20:07'),(48,'zhangsan','4f3asf1ggd',0,'2017-04-26 13:20:34'),(49,'zhangsan','4f3asf1ggd',0,'2017-04-26 13:20:45'),(50,'zhangsan','4f3asf1ggd',0,'2017-04-26 13:20:52'),(51,'zhangsan','s151d4a5a5',0,'2017-04-26 13:20:54'),(52,'zhangsan','ags5g21441',0,'2017-04-26 13:20:55'),(53,'zhangsan','5ggssdg3a2',0,'2017-04-26 13:20:59'),(54,'zhangsan','5443g5gg55',0,'2017-04-26 13:28:01'),(55,'zhangsan','d435as3125',0,'2017-04-26 13:28:05'),(56,'zhangsan','d435as3125',0,'2017-04-26 13:28:53'),(57,'zhangsan','d435as3125',0,'2017-04-26 13:34:05'),(58,'zhangsan','5443g5gg55',0,'2017-04-26 13:34:08'),(59,'zhangsan','4agf23daa4',0,'2017-04-26 13:34:16'),(60,'zhangsan','5g5fdg25a4',0,'2017-04-26 13:50:30'),(61,'zhangsan','4agf23daa4',0,'2017-04-26 14:05:33'),(62,'zhangsan','s151d4a5a5',0,'2017-04-26 14:08:54'),(63,'zhangsan','ags5g21441',0,'2017-04-26 14:10:32'),(64,'zhangsan','5g5fdg25a4',0,'2017-04-26 14:13:37'),(65,'zhangsan','5g5fdg25a4',0,'2017-04-26 14:14:07'),(66,'zhangsan','f3g141sff1',0,'2017-04-26 14:16:13'),(67,'zhangsan','ags5g21441',0,'2017-04-26 14:17:07'),(68,'zhangsan','sd14fga5g1',0,'2017-04-26 14:17:55'),(69,'zhangsan','f3g2g33ag3',0,'2017-04-26 14:18:22'),(70,'zhangsan','f3g2g33ag3',0,'2017-04-26 14:18:49'),(71,'zhangsan','1g32f4aa35',0,'2017-04-26 14:19:22'),(72,'zhangsan','a153512321',0,'2017-04-26 14:19:42'),(73,'zhangsan','4agf23daa4',0,'2017-04-26 14:20:21'),(74,'zhangsan','s151d4a5a5',0,'2017-04-26 14:20:50'),(75,'zhangsan','s151d4a5a5',0,'2017-04-26 14:21:22'),(76,'zhangsan','ags5g21441',0,'2017-04-26 14:21:26'),(77,'zhangsan','3a1s445ga3',0,'2017-04-26 15:01:02'),(78,'zhangsan','3a1s445ga3',0,'2017-04-26 15:02:20'),(79,'zhangsan','3a1s445ga3',0,'2017-04-26 15:02:40'),(80,'zhangsan','3a1s445ga3',0,'2017-04-26 15:02:44'),(81,'zhangsan','3a1s445ga3',0,'2017-04-26 15:03:11'),(82,'zhangsan','5443g5gg55',0,'2017-04-26 15:05:12'),(83,'zhangsan','3a1s445ga3',0,'2017-04-26 15:05:16'),(84,'zhangsan','3a1s445ga3',0,'2017-04-26 15:12:15'),(85,'zhangsan','3a1s445ga3',0,'2017-04-26 15:12:50'),(86,'zhangsan','3a1s445ga3',0,'2017-04-26 15:13:10'),(87,'zhangsan','5g5fdg25a4',0,'2017-04-26 15:13:17'),(88,'zhangsan','5g5fdg25a4',0,'2017-04-26 15:13:55'),(89,'zhangsan','f3g141sff1',0,'2017-04-26 15:14:30'),(90,'zhangsan','3a1s445ga3',0,'2017-04-26 15:14:36'),(91,'zhangsan','f3g141sff1',0,'2017-04-26 15:14:41'),(92,'zhangsan','5443g5gg55',0,'2017-04-26 15:14:58'),(93,'zhangsan','f3g141sff1',0,'2017-04-26 15:15:04'),(94,'zhangsan','135435d12d',0,'2017-04-26 15:15:08'),(95,'zhangsan','f3g141sff1',0,'2017-04-26 15:15:10'),(96,'zhangsan','5443g5gg55',0,'2017-04-26 15:15:14'),(97,'zhangsan','5443g5gg55',0,'2017-04-26 15:15:55'),(98,'zhangsan','135435d12d',0,'2017-04-26 15:16:13'),(99,'zhangsan','3a1s445ga3',0,'2017-04-26 15:16:30'),(100,'zhangsan','f3g141sff1',0,'2017-04-26 15:16:36'),(101,'zhangsan','135435d12d',0,'2017-04-26 15:16:40'),(102,'zhangsan','5443g5gg55',0,'2017-04-26 15:17:18'),(103,'zhangsan','135435d12d',0,'2017-04-26 15:17:21'),(104,'zhangsan','daa5442435',0,'2017-04-26 15:17:35'),(105,'zhangsan','5443g5gg55',0,'2017-04-26 15:17:40'),(106,'zhangsan','sd14fga5g1',0,'2017-04-26 16:08:00'),(107,'zhangsan','sd14fga5g1',0,'2017-04-26 16:09:36'),(108,'zhangsan','sd14fga5g1',0,'2017-04-26 16:09:45'),(109,'zhangsan','5443g5gg55',0,'2017-04-26 16:11:52'),(110,'zhangsan','135435d12d',0,'2017-04-26 16:12:27'),(111,'zhangsan','daa5442435',0,'2017-04-26 16:12:41'),(112,'zhangsan','5443g5gg55',0,'2017-04-26 16:13:28'),(113,'zhangsan','135435d12d',0,'2017-04-26 16:13:34'),(114,'zhangsan','f3g141sff1',0,'2017-04-26 16:13:36'),(115,'zhangsan','sg12f5a3f3',0,'2017-04-26 16:13:40'),(116,'zhangsan','sg12f5a3f3',0,'2017-04-26 16:28:33'),(117,'zhangsan','sg12f5a3f3',0,'2017-04-26 16:28:44'),(118,'zhangsan','5443g5gg55',0,'2017-04-26 16:28:51'),(119,'zhangsan','f3g141sff1',0,'2017-04-26 16:28:59'),(120,'zhangsan','f3g141sff1',0,'2017-04-26 16:29:20'),(121,'zhangsan','135435d12d',0,'2017-04-26 16:30:13'),(122,'zhangsan','daa5442435',0,'2017-04-26 16:30:20'),(123,'zhangsan','135435d12d',0,'2017-04-26 16:30:28'),(124,'zhangsan','5443g5gg55',0,'2017-04-26 16:30:31'),(125,'','5443g5gg55',0,'2017-04-26 16:30:47'),(126,'','5443g5gg55',0,'2017-04-26 16:32:30'),(127,'','daa5442435',0,'2017-04-26 16:32:33'),(128,'','5443g5gg55',0,'2017-04-26 16:33:04'),(129,'','daa5442435',0,'2017-04-26 16:33:12'),(130,'','daa5442435',0,'2017-04-26 16:35:49'),(131,'','daa5442435',0,'2017-04-26 16:35:56'),(132,'','5443g5gg55',0,'2017-04-26 16:35:59'),(133,'','135435d12d',0,'2017-04-26 16:36:06'),(134,'','f3g141sff1',0,'2017-04-26 16:36:13'),(135,'','f3g141sff1',0,'2017-04-26 16:36:56'),(136,'','f3g141sff1',0,'2017-04-26 16:37:40'),(137,'','f3g141sff1',0,'2017-04-26 16:37:58'),(138,'','f3g141sff1',0,'2017-04-26 16:40:23'),(139,'','135435d12d',0,'2017-04-26 16:40:29'),(140,'','135435d12d',0,'2017-04-26 16:40:58'),(141,'','135435d12d',0,'2017-04-26 16:41:10'),(142,'','f3g141sff1',0,'2017-04-26 16:41:12'),(143,'','f3g141sff1',0,'2017-04-26 16:42:26'),(144,'','f3g141sff1',0,'2017-04-26 16:44:12'),(145,'','135435d12d',0,'2017-04-26 16:44:16'),(146,'','135435d12d',0,'2017-04-26 16:44:25'),(147,'','135435d12d',0,'2017-04-26 16:46:17'),(148,'','135435d12d',0,'2017-04-26 16:46:45'),(149,'','135435d12d',0,'2017-04-26 16:47:07'),(150,'','135435d12d',0,'2017-04-26 16:47:23'),(151,'','135435d12d',0,'2017-04-26 16:47:44'),(152,'','135435d12d',0,'2017-04-26 16:47:53'),(153,'','135435d12d',0,'2017-04-26 16:48:03'),(154,'','daa5442435',0,'2017-04-26 16:48:08'),(155,'','daa5442435',0,'2017-04-26 16:48:13'),(156,'','135435d12d',0,'2017-04-26 16:48:21'),(157,'','daa5442435',0,'2017-04-26 16:48:27'),(158,'','daa5442435',0,'2017-04-26 16:48:48'),(159,'','daa5442435',0,'2017-04-26 16:50:26'),(160,'','daa5442435',0,'2017-04-26 16:50:36'),(161,'','daa5442435',0,'2017-04-26 16:50:46'),(162,'','daa5442435',0,'2017-04-26 16:51:10'),(163,'','daa5442435',0,'2017-04-26 16:51:37'),(164,'','135435d12d',0,'2017-04-26 16:51:40'),(165,'','135435d12d',0,'2017-04-26 16:52:08'),(166,'','135435d12d',0,'2017-04-26 16:52:43'),(167,'','135435d12d',0,'2017-04-26 16:52:58'),(168,'','135435d12d',0,'2017-04-26 16:53:12'),(169,'','135435d12d',0,'2017-04-26 16:53:42'),(170,'','135435d12d',0,'2017-04-26 16:54:14'),(171,'','135435d12d',0,'2017-04-26 16:55:01'),(172,'','135435d12d',0,'2017-04-26 16:55:09'),(173,'','daa5442435',0,'2017-04-26 16:55:15'),(174,'','daa5442435',0,'2017-04-26 16:56:06'),(175,'','135435d12d',0,'2017-04-26 16:56:14'),(176,'','135435d12d',0,'2017-04-26 16:56:27'),(177,'','135435d12d',0,'2017-04-26 16:57:10'),(178,'','daa5442435',0,'2017-04-26 16:57:14'),(179,'','daa5442435',0,'2017-04-26 16:58:24'),(180,'','daa5442435',0,'2017-04-26 16:59:18'),(181,'','daa5442435',0,'2017-04-26 16:59:48'),(182,'','daa5442435',0,'2017-04-26 17:00:06'),(183,'','daa5442435',0,'2017-04-26 17:00:40'),(184,'','daa5442435',0,'2017-04-26 17:01:04'),(185,'','daa5442435',0,'2017-04-26 17:01:18'),(186,'','f3g141sff1',0,'2017-04-26 17:01:22'),(187,'','f3g141sff1',0,'2017-04-26 17:01:49'),(188,'','f3g141sff1',0,'2017-04-26 17:02:24'),(189,'','135435d12d',0,'2017-04-26 17:02:33'),(190,'','daa5442435',0,'2017-04-26 17:02:42'),(191,'','5443g5gg55',0,'2017-04-26 17:02:47'),(192,'','5443g5gg55',0,'2017-04-26 17:04:52'),(193,'','135435d12d',0,'2017-04-26 17:04:58'),(194,'','f3g141sff1',0,'2017-04-26 17:05:05'),(195,'','daa5442435',0,'2017-04-26 17:05:14'),(196,'','daa5442435',0,'2017-04-26 17:05:54'),(197,'','f3g141sff1',0,'2017-04-26 17:06:00'),(198,'','f3g141sff1',0,'2017-04-26 17:12:56'),(199,'','135435d12d',0,'2017-04-26 17:13:04'),(200,'','f3g141sff1',0,'2017-04-26 17:13:14'),(201,'zhangsan','5443g5gg55',0,'2017-04-26 17:13:45'),(202,'zhangsan','f3g141sff1',0,'2017-04-26 17:13:48'),(203,'zhangsan','5443g5gg55',0,'2017-04-26 17:15:05'),(204,'zhangsan','sd14fga5g1',0,'2017-04-26 17:17:17'),(205,'zhangsan','sd14fga5g1',0,'2017-04-26 17:19:50'),(206,'zhangsan','f3g2g33ag3',0,'2017-04-26 17:20:31'),(207,'zhangsan','sd14fga5g1',0,'2017-04-26 17:20:37'),(208,'zhangsan','sg12f5a3f3',0,'2017-04-26 17:20:53'),(209,'zhangsan','135435d12d',0,'2017-04-26 17:21:22'),(210,'zhangsan','fs53df5aad',0,'2017-04-26 17:22:36'),(211,'zhangsan','5443g5gg55',0,'2017-04-26 17:22:47'),(212,'zhangsan','sd14fga5g1',0,'2017-04-26 17:22:53'),(213,'zhangsan','135435d12d',0,'2017-04-26 17:23:39'),(214,'zhangsan','1s5gfga245',0,'2017-04-26 17:26:40'),(215,'zhangsan','5443g5gg55',0,'2017-04-26 17:30:23'),(216,'zhangsan','3a1s445ga3',0,'2017-04-26 17:32:30'),(217,'zhangsan','f3g2g33ag3',0,'2017-04-26 17:35:05'),(218,'zhangsan','1s5gfga245',0,'2017-04-26 17:35:10'),(219,'zhangsan','5443g5gg55',0,'2017-04-26 17:37:44'),(220,'zhangsan','5443g5gg55',0,'2017-04-26 17:41:33'),(221,'zhangsan','5443g5gg55',0,'2017-04-26 17:43:04'),(222,'zhangsan','5443g5gg55',0,'2017-04-26 17:45:34'),(223,'zhangsan','5443g5gg55',0,'2017-04-26 17:46:05'),(224,'zhangsan','5443g5gg55',0,'2017-04-26 17:47:08'),(225,'zhangsan','5443g5gg55',0,'2017-04-26 17:48:03'),(226,'zhangsan','5443g5gg55',0,'2017-04-26 17:49:34'),(227,'zhangsan','5443g5gg55',0,'2017-04-26 17:51:26'),(228,'zhangsan','5443g5gg55',0,'2017-04-26 17:51:54'),(229,'zhangsan','5443g5gg55',0,'2017-04-26 17:52:23'),(230,'zhangsan','5443g5gg55',0,'2017-04-26 17:52:35'),(231,'zhangsan','5443g5gg55',0,'2017-04-26 17:52:39'),(232,'zhangsan','5443g5gg55',0,'2017-04-26 17:55:16'),(233,'zhangsan','5443g5gg55',0,'2017-04-26 17:55:28'),(234,'zhangsan','5443g5gg55',0,'2017-04-26 17:56:54'),(235,'zhangsan','5443g5gg55',0,'2017-04-26 17:57:03'),(236,'zhangsan','5443g5gg55',0,'2017-04-26 17:57:30'),(237,'zhangsan','5443g5gg55',0,'2017-04-26 18:08:39'),(238,'zhangsan','5443g5gg55',0,'2017-04-26 18:09:12'),(239,'zhangsan','5443g5gg55',0,'2017-04-26 18:09:58'),(240,'zhangsan','5443g5gg55',0,'2017-04-26 18:10:22'),(241,'zhangsan','5443g5gg55',0,'2017-04-26 18:11:11'),(242,'zhangsan','5443g5gg55',0,'2017-04-26 18:12:00'),(243,'zhangsan','5443g5gg55',0,'2017-04-26 18:12:40'),(244,'zhangsan','5443g5gg55',0,'2017-04-26 18:12:58'),(245,'zhangsan','5443g5gg55',0,'2017-04-26 18:14:06'),(246,'zhangsan','5443g5gg55',0,'2017-04-26 18:14:46'),(247,'zhangsan','3a1s445ga3',0,'2017-04-26 18:15:56'),(248,'zhangsan','5443g5gg55',0,'2017-04-26 18:16:01'),(249,'zhangsan','5443g5gg55',0,'2017-04-26 18:16:16'),(250,'zhangsan','5g5fdg25a4',0,'2017-04-26 18:16:33'),(251,'zhangsan','ags5g21441',0,'2017-04-26 18:16:59'),(252,'zhangsan','ags5g21441',0,'2017-04-26 18:18:13'),(253,'zhangsan','ags5g21441',0,'2017-04-26 18:18:52'),(254,'zhangsan','ags5g21441',0,'2017-04-26 18:19:23'),(255,'zhangsan','5g5fdg25a4',0,'2017-04-26 18:19:48'),(256,'zhangsan','5443g5gg55',0,'2017-04-26 18:19:49'),(257,'zhangsan','ags5g21441',0,'2017-04-26 18:19:51'),(258,'zhangsan','1g32f4aa35',0,'2017-04-26 18:19:54'),(259,'','5443g5gg55',0,'2017-04-26 18:23:12'),(260,'zhangsan','5443g5gg55',0,'2017-04-26 20:03:41'),(261,'zhangsan','5443g5gg55',0,'2017-04-26 20:12:36'),(262,'zhangsan','a153512321',0,'2017-04-26 20:12:52'),(263,'','5443g5gg55',0,'2017-04-26 21:58:25'),(264,'zhangsan','5443g5gg55',0,'2017-04-26 21:58:45'),(265,'zhangsan','5443g5gg55',0,'2017-04-26 21:59:00'),(266,'zhangsan','5443g5gg55',0,'2017-04-26 22:00:39'),(267,'zhangsan','5443g5gg55',0,'2017-04-26 22:01:28'),(268,'zhangsan','5443g5gg55',0,'2017-04-26 22:01:45'),(269,'zhangsan','5443g5gg55',0,'2017-04-26 22:01:52'),(270,'zhangsan','5443g5gg55',0,'2017-04-26 22:02:19'),(271,'zhangsan','5443g5gg55',0,'2017-04-26 22:03:38'),(272,'zhangsan','5443g5gg55',0,'2017-04-26 22:03:43'),(273,'zhangsan','5443g5gg55',0,'2017-04-26 22:04:00'),(274,'zhangsan','5443g5gg55',0,'2017-04-26 22:04:27'),(275,'zhangsan','5443g5gg55',0,'2017-04-26 22:05:05'),(276,'zhangsan','5443g5gg55',0,'2017-04-26 22:05:28'),(277,'zhangsan','5443g5gg55',0,'2017-04-26 22:08:06'),(278,'zhangsan','5443g5gg55',0,'2017-04-26 22:08:51'),(279,'zhangsan','5443g5gg55',0,'2017-04-26 22:09:30'),(280,'zhangsan','5443g5gg55',0,'2017-04-26 22:10:24'),(281,'zhangsan','1g32f4aa35',0,'2017-04-26 22:55:02'),(282,'zhangsan','1g32f4aa35',0,'2017-04-26 23:02:34'),(283,'zhangsan','514d221daa',0,'2017-04-26 23:12:12'),(284,'zhangsan','14gd1g5sag',0,'2017-04-26 23:12:15'),(285,'zhangsan','1g32f4aa35',0,'2017-04-26 23:12:19'),(286,'zhangsan','a45a13f5f4',0,'2017-04-26 23:12:21'),(287,'zhangsan','gg21addad3',0,'2017-04-26 23:12:23'),(288,'zhangsan','a153512321',0,'2017-04-27 00:29:22'),(289,'zhangsan','a153512321',0,'2017-04-27 00:49:26'),(290,'zhangsan','5443g5gg55',0,'2017-04-27 01:01:04'),(291,'zhangsan','5g5fdg25a4',0,'2017-04-27 01:01:23'),(292,'zhangsan','5g5fdg25a4',0,'2017-04-27 01:01:36'),(293,'zhangsan','5g5fdg25a4',0,'2017-04-27 01:15:19'),(294,'zhangsan','a2f4f3fs32',0,'2017-04-27 01:15:24'),(295,'zhangsan','a2f4f3fs32',0,'2017-04-27 01:16:45'),(296,'zhangsan','5443g5gg55',0,'2017-04-27 01:16:51'),(297,'','5443g5gg55',0,'2017-04-27 01:21:28'),(298,'','5443g5gg55',0,'2017-04-27 01:21:36'),(299,'','5443g5gg55',0,'2017-04-27 01:21:52'),(300,'','5g5fdg25a4',0,'2017-04-27 01:24:50'),(301,'','a2f4f3fs32',0,'2017-04-27 01:24:52'),(302,'','fs53df5aad',0,'2017-04-27 01:31:21'),(303,'','1s5gfga245',0,'2017-04-27 01:31:24'),(304,'','5ggssdg3a2',0,'2017-04-27 01:35:44'),(305,'','f3g141sff1',0,'2017-04-27 01:37:18'),(306,'','1g32f4aa35',0,'2017-04-27 01:39:01'),(307,'','1g32f4aa35',0,'2017-04-27 01:39:18'),(308,'','f3g141sff1',0,'2017-04-27 01:41:45'),(309,'','f3g141sff1',0,'2017-04-27 01:41:57'),(310,'','a2f4f3fs32',0,'2017-04-27 02:00:05'),(311,'','5443g5gg55',0,'2017-04-27 02:00:41'),(312,'','4f3asf1ggd',0,'2017-04-27 02:04:33'),(313,'','ags5g21441',0,'2017-04-27 02:04:53'),(314,'','s151d4a5a5',0,'2017-04-27 02:05:08'),(315,'','5ggssdg3a2',0,'2017-04-27 02:05:19'),(316,'','1g32f4aa35',0,'2017-04-27 02:06:06'),(317,'','a153512321',0,'2017-04-27 02:10:38'),(318,'','514d221daa',0,'2017-04-27 02:13:09'),(319,'','a2f4f3fs32',0,'2017-04-27 11:33:49'),(320,'','5443g5gg55',0,'2017-04-27 11:34:11'),(321,'zhangsan','5443g5gg55',0,'2017-04-27 11:34:58'),(322,'zhangsan','5443g5gg55',0,'2017-04-27 11:35:57'),(323,'zhangsan','135435d12d',0,'2017-04-27 11:36:04'),(324,'','5g4d5fsssg',0,'2017-04-27 12:22:59'),(325,'','1s5gfga245',0,'2017-04-27 12:23:12'),(326,'','2f353142f4',0,'2017-04-27 12:23:24'),(327,'','fs53df5aad',0,'2017-04-27 12:23:39'),(328,'','2f353142f4',0,'2017-04-27 12:24:00'),(329,'','5ggssdg3a2',0,'2017-04-27 12:24:58'),(330,'','ags5g21441',0,'2017-04-27 12:25:13'),(331,'','4agf23daa4',0,'2017-04-27 12:25:26'),(332,'','s151d4a5a5',0,'2017-04-27 12:25:40'),(333,'','4f3asf1ggd',0,'2017-04-27 12:25:51'),(334,'','4agf23daa4',0,'2017-04-27 12:26:14'),(335,'','1sdrfyht54',0,'2017-04-27 12:26:38'),(336,'','3a1s445ga3',0,'2017-04-27 12:26:42'),(337,'','3a1s445ga3',0,'2017-04-27 12:27:14'),(338,'','3a1s445ga3',0,'2017-04-27 12:27:18'),(339,'','sd14fga5g1',0,'2017-04-27 12:27:25'),(340,'','sd14fga5g1',0,'2017-04-27 12:28:00'),(341,'','sd14fga5g1',0,'2017-04-27 12:28:05'),(342,'','f3g2g33ag3',0,'2017-04-27 12:28:21'),(343,'','1g32f4aa35',0,'2017-04-27 12:29:27'),(344,'','14gd1g5sag',0,'2017-04-27 12:29:51'),(345,'','514d221daa',0,'2017-04-27 12:30:11'),(346,'','a45a13f5f4',0,'2017-04-27 12:30:34'),(347,'','gg21addad3',0,'2017-04-27 12:30:42'),(348,'','a153512321',0,'2017-04-27 12:31:16'),(349,'','454g42312f',0,'2017-04-27 12:31:38'),(350,'','53d15s112f',0,'2017-04-27 12:32:00'),(351,'','1da52f2413',0,'2017-04-27 12:32:13'),(352,'','d1aa2a54d3',0,'2017-04-27 12:32:33'),(353,'','d1aa2a54d3',0,'2017-04-27 12:32:50'),(354,'','14gd1g5sag',0,'2017-04-27 12:36:09'),(355,'','514d221daa',0,'2017-04-27 12:36:12'),(356,'','fs53df5aad',0,'2017-04-27 12:36:26'),(357,'','ags5g21441',0,'2017-04-27 12:38:58'),(358,'','5443g5gg55',0,'2017-04-27 12:39:49'),(359,'','5g5fdg25a4',0,'2017-04-27 12:39:51'),(360,'','ags5g21441',0,'2017-04-27 12:39:54'),(361,'','1g32f4aa35',0,'2017-04-27 12:39:56'),(362,'','3a1s445ga3',0,'2017-04-27 12:43:18'),(363,'','3a1s445ga3',0,'2017-04-27 12:43:33'),(364,'','5g5fdg25a4',0,'2017-04-27 12:43:39'),(365,'','a2f4f3fs32',0,'2017-04-27 12:44:17'),(366,'','5g5fdg25a4',0,'2017-04-27 12:44:20'),(367,'','a2f4f3fs32',0,'2017-04-27 12:44:21'),(368,'','f3g141sff1',0,'2017-04-27 12:51:44'),(369,'','5443g5gg55',0,'2017-04-27 15:28:31'),(370,'','3a1s445ga3',0,'2017-04-27 15:29:05'),(371,'','3a1s445ga3',0,'2017-04-27 16:39:41'),(372,'','f3g141sff1',0,'2017-04-27 16:39:53'),(373,'','5443g5gg55',0,'2017-04-27 16:40:40'),(374,'zhangsan','5443g5gg55',0,'2017-04-27 16:41:30'),(375,'zhangsan','5g5fdg25a4',0,'2017-04-27 16:42:20'),(376,'zhangsan','5g5fdg25a4',0,'2017-04-27 16:43:36'),(377,'zhangsan','f3g141sff1',0,'2017-04-27 16:44:13'),(378,'zhangsan','ags5g21441',0,'2017-04-27 16:44:17'),(379,'zhangsan','514d221daa',0,'2017-04-27 16:46:10'),(380,'zhangsan','a2f4f3fs32',0,'2017-04-27 16:47:31'),(381,'','514d221daa',0,'2017-04-27 17:18:51'),(382,'zhangsan','5443g5gg55',0,'2017-04-30 01:01:52'),(383,'zhangsan','135435d12d',0,'2017-04-30 01:03:03'),(384,'zhangsan','f3g141sff1',0,'2017-04-30 01:03:07'),(385,'zhangsan','5443g5gg55',0,'2017-04-30 01:03:09'),(386,'zhangsan','daa5442435',0,'2017-04-30 01:03:10'),(387,'zhangsan','135435d12d',0,'2017-04-30 01:03:12'),(388,'zhangsan','5443g5gg55',0,'2017-04-30 01:03:14'),(389,'zhangsan','135435d12d',0,'2017-04-30 01:03:17'),(390,'zhangsan','f3g141sff1',0,'2017-04-30 01:03:19'),(391,'zhangsan','sg12f5a3f3',0,'2017-04-30 01:03:21'),(392,'','4f3asf1ggd',0,'2017-05-02 15:56:28'),(393,'','a2f4f3fs32',0,'2017-05-02 19:10:22'),(394,'','5443g5gg55',0,'2017-05-02 19:10:33'),(395,'','135435d12d',0,'2017-05-02 19:10:45'),(396,'','f3g141sff1',0,'2017-05-02 19:10:47'),(397,'','sg12f5a3f3',0,'2017-05-02 19:10:49'),(398,'','a2f4f3fs32',0,'2017-05-03 14:43:50'),(399,'','5ggssdg3a2',0,'2017-05-03 14:44:38'),(400,'','ags5g21441',0,'2017-05-03 14:44:42'),(401,'zhangsan','fs53df5aad',0,'2017-05-03 14:45:58'),(402,'','s151d4a5a5',0,'2017-05-04 13:35:59'),(403,'','5443g5gg55',0,'2017-05-04 17:52:52'),(404,'','4agf23daa4',0,'2017-05-04 17:58:58'),(405,'','f3g141sff1',0,'2017-05-04 17:59:13'),(406,'zhangsan','f3g141sff1',0,'2017-05-04 18:00:58'),(407,'zhangsan','f3g141sff1',0,'2017-05-04 18:02:59'),(408,'zhangsan','5g5fdg25a4',0,'2017-05-04 20:05:26'),(409,'zhangsan','a2f4f3fs32',0,'2017-05-04 20:05:58'),(410,'zhangsan','5443g5gg55',0,'2017-05-04 20:07:46'),(411,'zhangsan','135435d12d',0,'2017-05-04 20:07:48'),(412,'zhangsan','f3g141sff1',0,'2017-05-04 20:07:50'),(413,'zhangsan','135435d12d',0,'2017-05-04 20:08:18'),(414,'zhangsan','f3g141sff1',0,'2017-05-04 20:08:20'),(415,'zhangsan','5443g5gg55',0,'2017-05-04 20:08:21'),(416,'zhangsan','daa5442435',0,'2017-05-04 20:08:23'),(417,'zhangsan','f3g141sff1',0,'2017-05-04 20:08:26'),(418,'zhangsan','sg12f5a3f3',0,'2017-05-04 20:08:28'),(419,'zhangsan','f3g141sff1',0,'2017-05-04 20:08:32'),(420,'zhangsan','sg12f5a3f3',0,'2017-05-04 20:08:35'),(421,'zhangsan','f3g141sff1',0,'2017-05-04 20:08:37'),(422,'zhangsan','ags5g21441',0,'2017-05-04 20:09:09'),(423,'zhangsan','5g5fdg25a4',0,'2017-05-04 20:11:12'),(424,'zhangsan','a2f4f3fs32',0,'2017-05-04 20:11:44'),(425,'zhangsan','2f353142f4',0,'2017-05-04 20:11:58'),(426,'zhangsan','2f353142f4',0,'2017-05-04 20:12:06'),(427,'zhangsan','4agf23daa4',0,'2017-05-04 20:13:52'),(428,'zhangsan','5443g5gg55',0,'2017-05-04 20:14:16'),(429,'zhangsan','5443g5gg55',0,'2017-05-04 20:20:59'),(430,'zhangsan','14gd1g5sag',0,'2017-05-04 20:21:56'),(431,'zhangsan','3a1s445ga3',0,'2017-05-04 20:24:42'),(432,'zhangsan','5g5fdg25a4',0,'2017-05-04 20:26:16'),(433,'zhangsan','5443g5gg55',0,'2017-05-04 20:26:33'),(434,'zhangsan','5443g5gg55',0,'2017-05-04 21:33:27'),(435,'','5g5fdg25a4',0,'2017-05-05 15:52:36'),(436,'','14gd1g5sag',0,'2017-05-05 15:58:11'),(437,'zhangsan','5443g5gg55',0,'2017-05-05 15:58:38'),(438,'zhangsan','5g5fdg25a4',0,'2017-05-05 17:26:53'),(439,'zhangsan','4agf23daa4',0,'2017-05-05 17:27:06'),(440,'zhangsan','1g32f4aa35',0,'2017-05-05 19:27:19'),(441,'zhangsan','5g5fdg25a4',0,'2017-05-05 19:28:18'),(442,'zhangsan','ags5g21441',0,'2017-05-05 19:33:06'),(443,'','5443g5gg55',0,'2017-05-06 13:08:40'),(444,'zhangsan','5443g5gg55',0,'2017-05-06 13:08:57'),(445,'zhangsan','1g32f4aa35',0,'2017-05-06 15:57:26'),(446,'zhangsan','1g32f4aa35',0,'2017-05-06 15:57:31'),(447,'zhangsan','5443g5gg55',0,'2017-05-06 15:57:44'),(448,'zhangsan','a2f4f3fs32',0,'2017-05-06 16:51:03'),(449,'zhangsan','fs53df5aad',0,'2017-05-06 16:51:12'),(450,'zhangsan','4agf23daa4',0,'2017-05-06 16:52:29'),(451,'zhangsan','4agf23daa4',0,'2017-05-06 16:54:00'),(452,'zhangsan','f3g2g33ag3',0,'2017-05-06 16:54:06'),(453,'zhangsan','f3g2g33ag3',0,'2017-05-06 18:01:50'),(454,'zhangsan','f3g2g33ag3',0,'2017-05-06 18:02:51'),(455,'zhangsan','5443g5gg55',0,'2017-05-06 18:10:01'),(456,'zhangsan','5g5fdg25a4',0,'2017-05-06 18:10:03'),(457,'zhangsan','ags5g21441',0,'2017-05-06 18:10:05'),(458,'zhangsan','ags5g21441',0,'2017-05-06 18:10:11'),(459,'zhangsan','5g5fdg25a4',0,'2017-05-06 18:10:15'),(460,'zhangsan','5443g5gg55',0,'2017-05-06 18:10:18'),(461,'zhangsan','5g5fdg25a4',0,'2017-05-06 18:10:21'),(462,'zhangsan','5443g5gg55',0,'2017-05-06 18:16:04'),(463,'zhangsan','5g5fdg25a4',0,'2017-05-06 18:16:08'),(464,'zhangsan','5g5fdg25a4',0,'2017-05-06 19:28:44'),(465,'zhangsan','s151d4a5a5',0,'2017-05-06 19:28:57'),(466,'zhangsan','5443g5gg55',0,'2017-05-06 19:30:28'),(467,'zhangsan','1g32f4aa35',0,'2017-05-06 19:30:41'),(468,'zhangsan','f3g2g33ag3',0,'2017-05-06 19:31:17'),(469,'zhangsan','5ggssdg3a2',0,'2017-05-06 20:39:47'),(470,'zhangsan','3a1s445ga3',0,'2017-05-06 22:21:59'),(471,'zhangsan','5443g5gg55',0,'2017-05-06 22:25:51'),(472,'zhangsan','5443g5gg55',0,'2017-05-06 22:25:59'),(473,'','5443g5gg55',0,'2017-05-06 22:56:31'),(474,'','5g5fdg25a4',0,'2017-05-07 00:11:46'),(475,'zhangsan','f3g2g33ag3',0,'2017-05-07 00:14:38'),(476,'','5443g5gg55',0,'2017-05-08 17:36:18'),(477,'','135435d12d',0,'2017-05-08 17:36:35'),(478,'','f3g141sff1',0,'2017-05-08 17:36:38'),(479,'','sg12f5a3f3',0,'2017-05-08 17:36:39'),(480,'zhangsan','5443g5gg55',0,'2017-05-08 17:36:54'),(481,'zhangsan','sg12f5a3f3',0,'2017-05-08 17:37:37'),(482,'zhangsan','5g5fdg25a4',0,'2017-05-08 17:37:40'),(483,'zhangsan','5g5fdg25a4',0,'2017-05-08 17:37:46'),(484,'zhangsan','5ggssdg3a2',0,'2017-05-08 17:44:40'),(485,'zhangsan','5443g5gg55',0,'2017-05-08 17:44:55'),(486,'zhangsan','1g32f4aa35',0,'2017-05-08 17:47:45'),(487,'zhangsan','4agf23daa4',0,'2017-05-08 17:49:24'),(488,'zhangsan','1g32f4aa35',0,'2017-05-08 17:49:58'),(489,'zhangsan','1g32f4aa35',0,'2017-05-08 17:50:37'),(490,'zhangsan','1g32f4aa35',0,'2017-05-08 17:51:01'),(491,'zhangsan','5g5fdg25a4',0,'2017-05-08 17:52:09'),(492,'zhangsan','53d15s112f',0,'2017-05-08 17:52:22'),(493,'zhangsan','53d15s112f',0,'2017-05-08 17:54:23'),(494,'zhangsan','1g32f4aa35',0,'2017-05-08 17:54:55'),(495,'zhangsan','1g32f4aa35',0,'2017-05-08 17:54:55'),(496,'zhangsan','5g5fdg25a4',0,'2017-05-08 19:08:01'),(497,'','5g5fdg25a4',0,'2017-05-08 21:32:33'),(498,'','5443g5gg55',0,'2017-05-08 23:13:48'),(499,'','s151d4a5a5',0,'2017-05-09 00:06:41'),(500,'zhangsan','4agf23daa4',0,'2017-05-09 00:07:02'),(501,'zhangsan','s151d4a5a5',0,'2017-05-09 00:07:05'),(502,'zhangsan','s151d4a5a5',0,'2017-05-09 00:08:00'),(503,'zhangsan','s151d4a5a5',0,'2017-05-09 00:08:33'),(504,'zhangsan','5443g5gg55',0,'2017-05-09 00:09:55'),(505,'zhangsan','daa5442435',0,'2017-05-09 00:09:57'),(506,'zhangsan','daa5442435',0,'2017-05-09 00:10:13'),(507,'','s151d4a5a5',0,'2017-05-09 13:27:46'),(508,'','5g5fdg25a4',0,'2017-05-09 13:27:59'),(509,'','5ggssdg3a2',0,'2017-05-09 13:28:07'),(510,'zhangsan','daa5442435',0,'2017-05-09 13:29:01'),(511,'zhangsan','5443g5gg55',0,'2017-05-09 13:30:36'),(512,'zhangsan','135435d12d',0,'2017-05-09 13:31:11'),(513,'zhangsan','f3g141sff1',0,'2017-05-09 13:31:13'),(514,'zhangsan','sg12f5a3f3',0,'2017-05-09 13:31:15'),(515,'zhangsan','a153512321',0,'2017-05-09 14:38:28'),(516,'','a2f4f3fs32',0,'2017-05-10 15:59:58'),(517,'zhangsan','5443g5gg55',0,'2017-05-10 16:03:26'),(518,'zhangsan','135435d12d',0,'2017-05-10 16:03:59'),(519,'zhangsan','f3g141sff1',0,'2017-05-10 16:04:01'),(520,'zhangsan','sg12f5a3f3',0,'2017-05-10 16:04:03'),(521,'zhangsan','daa5442435',0,'2017-05-10 16:04:05'),(522,'zhangsan','5443g5gg55',0,'2017-05-10 16:04:07'),(523,'zhangsan','5443g5gg55',0,'2017-05-10 16:05:49'),(524,'zhangsan','135435d12d',0,'2017-05-10 16:10:25'),(525,'zhangsan','f3g141sff1',0,'2017-05-10 16:10:26'),(526,'zhangsan','sg12f5a3f3',0,'2017-05-10 16:10:29'),(527,'zhangsan','5g4d5fsssg',0,'2017-05-10 16:21:25'),(528,'zhangsan','5ggssdg3a2',0,'2017-05-10 16:21:59'),(529,'zhangsan','5443g5gg55',0,'2017-05-10 16:22:08'),(530,'zhangsan','135435d12d',0,'2017-05-10 16:22:10'),(531,'zhangsan','5ggssdg3a2',0,'2017-05-10 16:22:53'),(532,'zhangsan','5ggssdg3a2',0,'2017-05-10 16:23:08'),(533,'zhangsan','5g4d5fsssg',0,'2017-05-10 16:23:15'),(534,'zhangsan','5ggssdg3a2',0,'2017-05-10 16:23:27'),(535,'zhangsan','5443g5gg55',0,'2017-05-10 16:23:31'),(536,'zhangsan','135435d12d',0,'2017-05-10 16:23:35'),(537,'zhangsan','135435d12d',0,'2017-05-10 16:24:02'),(538,'zhangsan','5443g5gg55',0,'2017-05-10 16:24:04'),(539,'zhangsan','135435d12d',0,'2017-05-10 16:24:07'),(540,'zhangsan','5g4d5fsssg',0,'2017-05-10 16:24:11'),(541,'zhangsan','5ggssdg3a2',0,'2017-05-10 16:24:14'),(542,'zhangsan','135435d12d',0,'2017-05-10 16:24:20'),(543,'zhangsan','1s5gfga245',0,'2017-05-10 16:29:11'),(544,'zhangsan','5443g5gg55',0,'2017-05-10 16:29:26'),(545,'zhangsan','daa5442435',0,'2017-05-10 16:29:57'),(546,'zhangsan','135435d12d',0,'2017-05-10 16:29:59'),(547,'zhangsan','5443g5gg55',0,'2017-05-10 16:30:00'),(548,'','5g4d5fsssg',0,'2017-05-11 16:23:58'),(549,'','5443g5gg55',0,'2017-05-11 16:24:04'),(550,'zhangsan','5443g5gg55',0,'2017-05-11 16:33:52'),(551,'zhangsan','135435d12d',0,'2017-05-11 16:33:54'),(552,'zhangsan','f3g141sff1',0,'2017-05-11 16:33:56'),(553,'zhangsan','sg12f5a3f3',0,'2017-05-11 16:33:58'),(554,'zhangsan','ags5g21441',0,'2017-05-11 16:34:26'),(555,'zhangsan','sg12f5a3f3',0,'2017-05-11 16:34:46'),(556,'zhangsan','5443g5gg55',0,'2017-05-11 16:43:46'),(557,'zhangsan','f3g2g33ag3',0,'2017-05-11 16:45:10'),(558,'zhangsan','a153512321',0,'2017-05-11 16:47:22'),(559,'zhangsan','fs53df5aad',0,'2017-05-11 16:56:28'),(560,'zhangsan','fs53df5aad',0,'2017-05-11 16:56:31'),(561,'','5443g5gg55',0,'2017-05-12 16:19:50'),(562,'','135435d12d',0,'2017-05-12 16:20:38'),(563,'','f3g141sff1',0,'2017-05-12 16:20:40'),(564,'','5443g5gg55',0,'2017-05-12 16:20:42'),(565,'zhangsan','f3g141sff1',0,'2017-05-12 18:56:43'),(566,'zhangsan','1g32f4aa35',0,'2017-05-12 18:56:55'),(567,'zhangsan','14gd1g5sag',0,'2017-05-12 18:57:20'),(568,'zhangsan','sg12f5a3f3',0,'2017-05-12 18:59:01'),(569,'zhangsan','ags5g21441',0,'2017-05-12 19:05:28'),(570,'','5443g5gg55',0,'2017-05-14 02:05:15'),(571,'','5443g5gg55',0,'2017-05-14 02:05:26'),(572,'zhangsan','14gd1g5sag',0,'2017-05-14 23:17:53'),(573,'','5443g5gg55',0,'2017-05-15 21:47:21'),(574,'','5g5fdg25a4',0,'2017-05-15 21:47:23'),(575,'','f3g141sff1',0,'2017-05-16 16:52:04'),(576,'','sg12f5a3f3',0,'2017-05-16 16:52:09'),(577,'','daa5442435',0,'2017-05-16 16:52:11'),(578,'','135435d12d',0,'2017-05-16 16:52:13'),(579,'','5443g5gg55',0,'2017-05-16 16:52:14'),(580,'','135435d12d',0,'2017-05-16 16:52:17'),(581,'','f3g141sff1',0,'2017-05-16 16:52:19'),(582,'zhangsan','1g32f4aa35',0,'2017-05-18 01:05:30'),(583,'zhangsan','ags5g21441',0,'2017-05-18 01:08:45'),(584,'zhangsan','a153512321',0,'2017-05-18 01:08:50'),(585,'zhangsan','a2f4f3fs32',0,'2017-05-18 01:09:01'),(586,'zhangsan','5g5fdg25a4',0,'2017-05-18 01:09:21'),(587,'zhangsan','a2f4f3fs32',0,'2017-05-18 01:09:24'),(588,'zhangsan','5g5fdg25a4',0,'2017-05-18 01:09:26'),(589,'zhangsan','gg21addad3',0,'2017-05-18 01:12:00'),(590,'zhangsan','1g32f4aa35',0,'2017-05-18 01:12:03'),(591,'zhangsan','s151d4a5a5',0,'2017-05-18 01:14:00'),(592,'zhangsan','s151d4a5a5',0,'2017-05-18 01:15:15'),(593,'zhangsan','4f3asf1ggd',0,'2017-05-19 22:16:14'),(594,'zhangsan','5ggssdg3a2',0,'2017-05-20 00:57:18'),(595,'zhangsan','5g5fdg25a4',0,'2017-05-20 01:00:39'),(596,'zhangsan','4f3asf1ggd',0,'2017-05-20 01:02:48'),(597,'zhangsan','14gd1g5sag',0,'2017-05-20 01:04:25'),(598,'zhangsan','14gd1g5sag',0,'2017-05-20 01:04:42'),(599,'zhangsan','4f3asf1ggd',0,'2017-05-20 01:14:44'),(600,'zhangsan','sg12f5a3f3',0,'2017-05-20 16:05:37'),(601,'zhangsan','a45a13f5f4',0,'2017-05-20 16:05:44'),(602,'zhangsan','f3g141sff1',0,'2017-05-20 16:08:40'),(603,'zhangsan','5ggssdg3a2',0,'2017-05-20 16:08:42'),(604,'zhangsan','fs53df5aad',0,'2017-05-20 16:09:33'),(605,'zhangsan','a45a13f5f4',0,'2017-05-20 16:09:37'),(606,'zhangsan','5443g5gg55',0,'2017-05-20 16:09:43'),(607,'','1s5gfga245',0,'2017-05-20 19:42:28'),(608,'zhangsan','a2f4f3fs32',0,'2017-05-20 19:43:03'),(609,'','5g5fdg25a4',0,'2017-05-21 11:05:52'),(610,'','4f3asf1ggd',0,'2017-05-21 11:06:02'),(611,'','5443g5gg55',0,'2017-05-21 11:06:28'),(612,'','4f3asf1ggd',0,'2017-05-21 11:09:56'),(613,'zhangsan','a2f4f3fs32',0,'2017-05-21 11:10:37'),(614,'zhangsan','5g5fdg25a4',0,'2017-05-21 11:11:45'),(615,'zhangsan','4f3asf1ggd',0,'2017-05-21 11:12:47'),(616,'zhangsan','4f3asf1ggd',0,'2017-05-21 11:15:07'),(617,'zhangsan','4f3asf1ggd',0,'2017-05-21 11:15:27'),(618,'zhangsan','4f3asf1ggd',0,'2017-05-21 11:16:34'),(619,'zhangsan','4f3asf1ggd',0,'2017-05-21 11:20:00'),(620,'zhangsan','4f3asf1ggd',0,'2017-05-21 11:20:13'),(621,'zhangsan','4f3asf1ggd',0,'2017-05-21 11:20:33'),(622,'zhangsan','4f3asf1ggd',0,'2017-05-21 11:21:37'),(623,'zhangsan','f3g141sff1',0,'2017-05-21 11:29:02'),(624,'zhangsan','5g5fdg25a4',0,'2017-05-21 11:29:08'),(625,'zhangsan','1g32f4aa35',0,'2017-05-21 11:29:14'),(626,'zhangsan','ags5g21441',0,'2017-05-21 11:29:22'),(627,'zhangsan','5443g5gg55',0,'2017-05-21 11:29:28'),(628,'zhangsan','5443g5gg55',0,'2017-05-21 11:32:43'),(629,'','ags5g21441',0,'2017-05-21 12:27:51'),(630,'','5g5fdg25a4',0,'2017-05-21 12:28:28'),(631,'zhangsan1','5g5fdg25a4',0,'2017-05-21 12:38:38'),(632,'zhangsan1','a2f4f3fs32',0,'2017-05-21 12:39:25'),(633,'zhangsan1','5g5fdg25a4',0,'2017-05-21 12:39:27'),(634,'zhangsan1','a2f4f3fs32',0,'2017-05-21 12:39:30'),(635,'zhangsan1','5g5fdg25a4',0,'2017-05-21 12:40:44'),(636,'zhangsan1','5g5fdg25a4',0,'2017-05-21 12:41:08'),(637,'zhangsan1','5g5fdg25a4',0,'2017-05-21 12:42:34'),(638,'zhangsan1','a2f4f3fs32',0,'2017-05-21 12:42:57'),(639,'zhangsan1','5g5fdg25a4',0,'2017-05-21 12:44:19'),(640,'zhangsan1','5g5fdg25a4',0,'2017-05-21 12:44:29'),(641,'zhangsan1','5g5fdg25a4',0,'2017-05-21 12:45:24'),(642,'zhangsan1','a2f4f3fs32',0,'2017-05-21 12:46:19'),(643,'zhangsan1','5g5fdg25a4',0,'2017-05-21 12:46:45'),(644,'zhangsan1','5g5fdg25a4',0,'2017-05-21 12:47:13'),(645,'zhangsan1','5g5fdg25a4',0,'2017-05-21 12:47:45'),(646,'zhangsan1','5g5fdg25a4',0,'2017-05-21 12:48:01'),(647,'zhangsan1','5g5fdg25a4',0,'2017-05-21 12:48:23'),(648,'zhangsan1','a2f4f3fs32',0,'2017-05-21 12:49:02'),(649,'zhangsan1','a2f4f3fs32',0,'2017-05-21 12:52:48'),(650,'zhangsan1','a2f4f3fs32',0,'2017-05-21 12:54:35'),(651,'zhangsan1','a2f4f3fs32',0,'2017-05-21 12:55:47'),(652,'zhangsan1','a2f4f3fs32',0,'2017-05-21 12:58:18'),(653,'zhangsan1','ags5g21441',0,'2017-05-21 12:59:11'),(654,'zhangsan1','ags5g21441',0,'2017-05-21 12:59:30'),(655,'zhangsan1','ags5g21441',0,'2017-05-21 12:59:59'),(656,'zhangsan1','a153512321',0,'2017-05-21 13:00:50'),(657,'zhangsan1','a153512321',0,'2017-05-21 13:01:00'),(658,'zhangsan1','a153512321',0,'2017-05-21 13:01:17'),(659,'zhangsan1','a153512321',0,'2017-05-21 13:01:45'),(660,'zhangsan1','a153512321',0,'2017-05-21 13:01:47'),(661,'zhangsan1','5ggssdg3a2',0,'2017-05-21 13:02:18'),(662,'zhangsan1','5ggssdg3a2',0,'2017-05-21 13:02:36'),(663,'zhangsan1','5ggssdg3a2',0,'2017-05-21 13:03:05'),(664,'zhangsan1','5ggssdg3a2',0,'2017-05-21 13:03:51'),(665,'zhangsan1','5ggssdg3a2',0,'2017-05-21 13:05:49'),(666,'zhangsan1','5ggssdg3a2',0,'2017-05-21 13:08:49'),(667,'zhangsan1','s151d4a5a5',0,'2017-05-21 13:09:07'),(668,'zhangsan1','s151d4a5a5',0,'2017-05-21 13:09:49'),(669,'zhangsan1','s151d4a5a5',0,'2017-05-21 13:10:10'),(670,'zhangsan1','s151d4a5a5',0,'2017-05-21 13:10:47'),(671,'zhangsan','5443g5gg55',0,'2017-05-21 13:27:47'),(672,'','4ga1g4s22g',0,'2017-05-21 13:44:32'),(673,'','1g32f4aa35',0,'2017-05-21 13:51:30'),(674,'zhangsan','5g5fdg25a4',0,'2017-05-21 13:54:27'),(675,'','a153512321',0,'2017-05-21 15:09:21'),(676,'zhangsan6','ags5g21441',0,'2017-05-21 15:14:14'),(677,'zhangsan6','ags5g21441',0,'2017-05-21 15:16:20'),(678,'zhangsan6','ags5g21441',0,'2017-05-21 15:21:58'),(679,'','s151d4a5a5',0,'2017-05-21 15:25:10'),(680,'','135435d12d',0,'2017-05-21 15:25:17'),(681,'','454g42312f',0,'2017-05-21 15:25:25'),(682,'','1da52f2413',0,'2017-05-21 15:25:29'),(683,'','1g32f4aa35',0,'2017-05-21 15:25:32'),(684,'zhangsan9','ags5g21441',0,'2017-05-21 16:27:03'),(685,'zhangsan9','ags5g21441',0,'2017-05-21 16:28:30'),(686,'zhangsan9','5443g5gg55',0,'2017-05-21 16:28:45'),(687,'zhangsan9','135435d12d',0,'2017-05-21 16:28:50'),(688,'zhangsan9','f3g141sff1',0,'2017-05-21 16:28:52'),(689,'zhangsan9','5443g5gg55',0,'2017-05-21 16:28:53'),(690,'zhangsan9','daa5442435',0,'2017-05-21 16:28:55'),(691,'zhangsan9','135435d12d',0,'2017-05-21 16:28:57'),(692,'zhangsan9','daa5442435',0,'2017-05-21 16:29:27'),(693,'zhangsan9','5443g5gg55',0,'2017-05-21 16:30:33'),(694,'zhangsan9','135435d12d',0,'2017-05-21 16:30:37'),(695,'zhangsan9','f3g141sff1',0,'2017-05-21 16:30:38'),(696,'zhangsan9','sg12f5a3f3',0,'2017-05-21 16:30:42'),(697,'zhangsan9','f3g141sff1',0,'2017-05-21 16:32:00'),(698,'zhangsan9','sg12f5a3f3',0,'2017-05-21 16:32:02'),(699,'zhangsan9','135435d12d',0,'2017-05-21 16:32:04'),(700,'zhangsan9','daa5442435',0,'2017-05-21 16:32:06'),(701,'zhangsan9','f3g141sff1',0,'2017-05-21 16:32:07'),(702,'zhangsan9','5443g5gg55',0,'2017-05-21 16:33:46'),(703,'zhangsan9','f3g141sff1',0,'2017-05-21 16:33:51'),(704,'zhangsan9','f3g141sff1',0,'2017-05-21 16:34:44'),(705,'zhangsan9','5g5fdg25a4',0,'2017-05-21 16:35:31'),(706,'zhangsan9','f3g141sff1',0,'2017-05-21 16:36:29'),(707,'zhangsan9','f3g141sff1',0,'2017-05-21 16:36:44'),(708,'zhangsan9','135435d12d',0,'2017-05-21 16:36:48'),(709,'zhangsan9','5g5fdg25a4',0,'2017-05-21 16:37:47'),(710,'zhangsan9','5g5fdg25a4',0,'2017-05-21 16:38:01'),(711,'','5ggssdg3a2',0,'2017-05-22 22:49:49'),(712,'','5443g5gg55',0,'2017-05-22 22:50:17'),(713,'','135435d12d',0,'2017-05-22 22:50:20'),(714,'','f3g141sff1',0,'2017-05-22 22:50:24'),(715,'','sg12f5a3f3',0,'2017-05-22 22:50:26'),(716,'','f3g141sff1',0,'2017-05-22 22:50:29'),(717,'','sg12f5a3f3',0,'2017-05-22 22:50:30'),(718,'','5443g5gg55',0,'2017-05-22 22:50:41'),(719,'','daa5442435',0,'2017-05-22 22:50:43'),(720,'','135435d12d',0,'2017-05-22 22:50:45'),(721,'','5g5fdg25a4',0,'2017-05-22 22:50:53'),(722,'','a2f4f3fs32',0,'2017-05-22 22:50:56'),(723,'','5g5fdg25a4',0,'2017-05-22 22:50:58'),(724,'','a2f4f3fs32',0,'2017-05-22 22:51:00'),(725,'','14gd1g5sag',0,'2017-05-23 11:01:55'),(726,'zhangsan','5443g5gg55',0,'2017-05-23 13:44:43'),(727,'zhangsan','5g5fdg25a4',0,'2017-05-23 13:45:14'),(728,'zhangsan','1g32f4aa35',0,'2017-05-23 13:45:25'),(729,'zhangsan','5443g5gg55',0,'2017-05-23 13:46:29'),(730,'zhangsan','f3g141sff1',0,'2017-05-23 13:46:34'),(731,'','a153512321',0,'2017-05-24 15:55:01'),(732,'','5443g5gg55',0,'2017-05-25 14:43:40'),(733,'','135435d12d',0,'2017-05-25 14:43:50'),(734,'','f3g141sff1',0,'2017-05-25 14:43:52'),(735,'','sg12f5a3f3',0,'2017-05-25 14:43:57'),(736,'','5443g5gg55',0,'2017-05-25 16:14:15'),(737,'','135435d12d',0,'2017-05-25 16:14:33'),(738,'','f3g141sff1',0,'2017-05-25 16:14:36'),(739,'','sg12f5a3f3',0,'2017-05-25 16:14:39'),(740,'','f3g141sff1',0,'2017-05-25 16:14:44'),(741,'','5443g5gg55',0,'2017-05-25 16:14:47'),(742,'zhangsan','5443g5gg55',0,'2017-05-25 16:15:31'),(743,'zhangsan','5443g5gg55',0,'2017-05-25 16:16:26'),(744,'zhangsan','5443g5gg55',0,'2017-05-25 16:16:57'),(745,'zhangsan','1g32f4aa35',0,'2017-05-25 16:17:26'),(746,'zhangsan','5443g5gg55',0,'2017-05-25 16:17:29'),(747,'zhangsan','5443g5gg55',0,'2017-05-25 16:20:13'),(748,'zhangsan','f3g141sff1',0,'2017-05-25 16:22:07');

/*Table structure for table `shopcart` */

DROP TABLE IF EXISTS `shopcart`;

CREATE TABLE `shopcart` (
  `id` int(11) NOT NULL AUTO_INCREMENT,
  `username` varchar(20) NOT NULL DEFAULT '',
  `phoneid` varchar(20) NOT NULL DEFAULT '',
  PRIMARY KEY (`id`)
) ENGINE=InnoDB AUTO_INCREMENT=13 DEFAULT CHARSET=utf8;

/*Data for the table `shopcart` */

insert  into `shopcart`(`id`,`username`,`phoneid`) values (9,'zhangsan9','daa5442435'),(12,'zhangsan','1g32f4aa35');

/*Table structure for table `store` */

DROP TABLE IF EXISTS `store`;

CREATE TABLE `store` (
  `id` int(11) NOT NULL AUTO_INCREMENT,
  `username` varchar(20) NOT NULL DEFAULT '',
  `phoneid` varchar(30) NOT NULL DEFAULT '',
  `time` datetime NOT NULL DEFAULT CURRENT_TIMESTAMP,
  PRIMARY KEY (`id`)
) ENGINE=InnoDB AUTO_INCREMENT=13 DEFAULT CHARSET=utf8;

/*Data for the table `store` */

insert  into `store`(`id`,`username`,`phoneid`,`time`) values (8,'zhangsan9','f3g141sff1','2017-05-21 16:36:34'),(9,'zhangsan','a2f4f3fs32','2017-05-23 13:47:37'),(10,'zhangsan','5443g5gg55','2017-05-23 13:47:42'),(11,'zhangsan','ags5g21441','2017-05-23 13:47:45'),(12,'zhangsan','daa5442435','2017-05-25 16:17:59');

/*Table structure for table `user` */

DROP TABLE IF EXISTS `user`;

CREATE TABLE `user` (
  `id` int(11) NOT NULL AUTO_INCREMENT,
  `username` varchar(20) NOT NULL,
  `password` varchar(20) NOT NULL,
  `phone` varchar(200) NOT NULL,
  `frozen` int(1) DEFAULT '0',
  `time` datetime NOT NULL DEFAULT CURRENT_TIMESTAMP,
  PRIMARY KEY (`id`)
) ENGINE=InnoDB AUTO_INCREMENT=75 DEFAULT CHARSET=utf8;

/*Data for the table `user` */

insert  into `user`(`id`,`username`,`password`,`phone`,`frozen`,`time`) values (13,'zhangsan','123456','18819441529',0,'2017-04-09 00:11:16'),(14,'lisi','123456','17654342534',0,'2017-04-09 01:09:14'),(15,'wangwu','125436','16697665432',1,'2017-04-09 10:12:35'),(16,'foliede','345432','14589332539',0,'2017-04-09 23:42:31'),(17,'hahaha','3423185432','19345429054',0,'2017-04-10 13:45:53'),(18,'wangxioalei','sdafsagdd','14546733492',0,'2017-04-10 13:49:54'),(19,'hello0','1234560','12354890540',1,'2017-04-12 11:07:42'),(20,'hello1','1234561','12354890541',0,'2017-04-12 11:07:42'),(21,'hello2','1234562','12354890542',0,'2017-04-12 11:07:42'),(22,'hello3','1234563','12354890543',0,'2017-04-12 11:07:42'),(23,'hello4','1234564','12354890544',0,'2017-04-12 11:07:43'),(24,'hello5','1234565','12354890545',1,'2017-04-12 11:07:43'),(25,'hello6','1234566','12354890546',0,'2017-04-12 11:07:43'),(26,'hello7','1234567','12354890547',0,'2017-04-12 11:07:43'),(27,'hello8','1234568','12354890548',0,'2017-04-12 11:07:43'),(28,'hello9','1234569','12354890549',0,'2017-04-12 11:07:43'),(29,'hello10','12345610','12354890510',0,'2017-04-12 11:07:43'),(30,'hello11','12345611','12354890511',0,'2017-04-12 11:07:43'),(31,'hello12','12345612','12354890512',1,'2017-04-12 11:07:43'),(32,'hello13','12345613','12354890513',0,'2017-04-12 11:07:43'),(33,'hello14','12345614','12354890514',0,'2017-04-12 11:07:43'),(34,'hello15','12345615','12354890515',1,'2017-04-12 11:07:43'),(35,'hello16','12345616','12354890516',0,'2017-04-12 11:07:43'),(36,'hello17','12345617','12354890517',0,'2017-04-12 11:07:43'),(37,'hello18','12345618','12354890518',0,'2017-04-12 11:07:43'),(38,'hello19','12345619','12354890519',0,'2017-04-12 11:07:43'),(39,'hello20','12345620','12354890520',0,'2017-04-12 11:09:29'),(40,'hello21','12345621','12354890521',0,'2017-04-12 11:09:29'),(41,'hello22','12345622','12354890522',0,'2017-04-12 11:09:29'),(42,'hello23','12345623','12354890523',0,'2017-04-12 11:09:29'),(43,'hello24','12345624','12354890524',0,'2017-04-12 11:09:29'),(44,'hello25','12345625','12354890525',0,'2017-04-12 11:09:29'),(45,'hello26','12345626','12354890526',0,'2017-04-12 11:09:29'),(46,'hello27','12345627','12354890527',0,'2017-04-12 11:09:30'),(47,'hello28','12345628','12354890528',1,'2017-04-12 11:09:30'),(48,'hello29','12345629','12354890529',0,'2017-04-12 11:09:30'),(49,'hello30','12345630','12354890530',0,'2017-04-12 11:09:30'),(50,'hello31','12345631','12354890531',1,'2017-04-12 11:09:30'),(51,'hello32','12345632','12354890532',1,'2017-04-12 11:09:30'),(52,'hello33','12345633','12354890533',0,'2017-04-12 11:09:30'),(53,'hello34','12345634','12354890534',0,'2017-04-12 11:09:30'),(54,'hello35','12345635','12354890535',0,'2017-04-12 11:09:30'),(55,'hello36','12345636','12354890536',0,'2017-04-12 11:09:30'),(56,'hello37','12345637','12354890537',0,'2017-04-12 11:09:30'),(57,'hello38','12345638','12354890538',0,'2017-04-12 11:09:30'),(58,'hello39','12345639','12354890539',0,'2017-04-12 11:09:30'),(59,'hello40','12345640','12354890540',0,'2017-04-12 11:09:30'),(60,'hello41','12345641','12354890541',0,'2017-04-12 11:09:30'),(61,'hello42','12345642','12354890542',0,'2017-04-12 11:09:30'),(62,'hello43','12345643','12354890543',1,'2017-04-12 11:09:30'),(63,'hello44','12345644','12354890544',1,'2017-04-12 11:09:30'),(64,'hello45','12345645','12354890545',0,'2017-04-12 11:09:30'),(65,'hello46','12345646','12354890546',0,'2017-04-12 11:09:30'),(66,'hello47','12345647','12354890547',1,'2017-04-12 11:09:30'),(67,'hello48','12345648','12354890548',0,'2017-04-12 11:09:30'),(68,'hello49','12345649','12354890549',0,'2017-04-12 11:09:30'),(70,'zhangsan1','123456','18819441528',0,'2017-05-21 12:36:41'),(71,'zhangdan2','123456','18819441520',0,'2017-05-21 15:10:19'),(72,'zhangsan5','123456','18819441521',0,'2017-05-21 15:11:23'),(73,'zhangsan6','123456','18819441530',0,'2017-05-21 15:13:37'),(74,'zhangsan9','123456','18819441599',0,'2017-05-21 16:26:18');

/*!40101 SET SQL_MODE=@OLD_SQL_MODE */;
/*!40014 SET FOREIGN_KEY_CHECKS=@OLD_FOREIGN_KEY_CHECKS */;
/*!40014 SET UNIQUE_CHECKS=@OLD_UNIQUE_CHECKS */;
/*!40111 SET SQL_NOTES=@OLD_SQL_NOTES */;
